"Date","GameID","HomeTeam","AwayTeam","HomeWin","AwayWin"
2022-06-26,2021030416,"Tampa Bay Lightning","Colorado Avalanche",0.510985630635365,0.489014369364635
2022-10-07,2022020001,"Nashville Predators","San Jose Sharks",0.688750761344223,0.311249238655778
2022-10-08,2022020002,"San Jose Sharks","Nashville Predators",0.407623659334125,0.592376340665875
2022-10-11,2022020003,"New York Rangers","Tampa Bay Lightning",0.526971642119358,0.473028357880642
2022-10-11,2022020004,"Los Angeles Kings","Vegas Golden Knights",0.464518307665255,0.535481692334745
2022-10-12,2022020005,"Washington Capitals","Boston Bruins",0.536888818813985,0.463111181186015
2022-10-12,2022020006,"Carolina Hurricanes","Columbus Blue Jackets",0.762227676456921,0.237772323543079
2022-10-12,2022020007,"Montreal Canadiens","Toronto Maple Leafs",0.301447851666947,0.698552148333053
2022-10-12,2022020008,"Colorado Avalanche","Chicago Blackhawks",0.848070704486102,0.151929295513899
2022-10-12,2022020009,"Anaheim Ducks","Seattle Kraken",0.589338892919554,0.410661107080446
2022-10-12,2022020010,"Edmonton Oilers","Vancouver Canucks",0.629526922732006,0.370473077267994
2022-10-13,2022020011,"Pittsburgh Penguins","Arizona Coyotes",0.803994053221342,0.196005946778658
2022-10-13,2022020012,"Philadelphia Flyers","New Jersey Devils",0.508396947066507,0.491603052933494
2022-10-13,2022020013,"Buffalo Sabres","Ottawa Senators",0.518639694444372,0.481360305555628
2022-10-13,2022020014,"New York Islanders","Florida Panthers",0.456244541102748,0.543755458897252
2022-10-13,2022020015,"Toronto Maple Leafs","Washington Capitals",0.629544930341822,0.370455069658178
2022-10-13,2022020016,"Nashville Predators","Dallas Stars",0.580205701014741,0.419794298985259
2022-10-13,2022020017,"Minnesota Wild","New York Rangers",0.53107705376461,0.46892294623539
2022-10-13,2022020018,"Calgary Flames","Colorado Avalanche",0.478051019178766,0.521948980821234
2022-10-13,2022020019,"Vegas Golden Knights","Chicago Blackhawks",0.75485831904094,0.24514168095906
2022-10-13,2022020020,"Los Angeles Kings","Seattle Kraken",0.670808263773302,0.329191736226698
2022-10-14,2022020021,"Columbus Blue Jackets","Tampa Bay Lightning",0.322359049652887,0.677640950347113
2022-10-14,2022020022,"Detroit Red Wings","Montreal Canadiens",0.517720188427915,0.482279811572084
2022-10-14,2022020023,"Winnipeg Jets","New York Rangers",0.42338137824529,0.57661862175471
2022-10-14,2022020024,"San Jose Sharks","Carolina Hurricanes",0.284358653358445,0.715641346641555
2022-10-15,2022020025,"Buffalo Sabres","Florida Panthers",0.31643019380131,0.68356980619869
2022-10-15,2022020026,"Philadelphia Flyers","Vancouver Canucks",0.376370124816991,0.623629875183009
2022-10-15,2022020027,"Boston Bruins","Arizona Coyotes",0.811058269150733,0.188941730849267
2022-10-15,2022020028,"New Jersey Devils","Detroit Red Wings",0.591393334540968,0.408606665459032
2022-10-15,2022020029,"Washington Capitals","Montreal Canadiens",0.739436676201806,0.260563323798194
2022-10-15,2022020030,"Toronto Maple Leafs","Ottawa Senators",0.751022465093219,0.248977534906781
2022-10-15,2022020031,"Pittsburgh Penguins","Tampa Bay Lightning",0.510080417893262,0.489919582106738
2022-10-15,2022020032,"New York Islanders","Anaheim Ducks",0.684164218713114,0.315835781286886
2022-10-15,2022020033,"St. Louis Blues","Columbus Blue Jackets",0.770916827935466,0.229083172064534
2022-10-15,2022020034,"Minnesota Wild","Los Angeles Kings",0.686433161710248,0.313566838289752
2022-10-15,2022020035,"Dallas Stars","Nashville Predators",0.580147662059799,0.419852337940201
2022-10-15,2022020036,"Edmonton Oilers","Calgary Flames",0.526846440682778,0.473153559317222
2022-10-15,2022020037,"Seattle Kraken","Vegas Golden Knights",0.37062447508994,0.62937552491006
2022-10-15,2022020038,"San Jose Sharks","Chicago Blackhawks",0.558947042034686,0.441052957965313
2022-10-17,2022020039,"New York Rangers","Anaheim Ducks",0.797309070840871,0.202690929159129
2022-10-17,2022020040,"Toronto Maple Leafs","Arizona Coyotes",0.830414221165938,0.169585778834062
2022-10-17,2022020041,"Boston Bruins","Florida Panthers",0.536021700563547,0.463978299436453
2022-10-17,2022020042,"Montreal Canadiens","Pittsburgh Penguins",0.298438243795779,0.701561756204221
2022-10-17,2022020043,"Washington Capitals","Vancouver Canucks",0.599860701339249,0.400139298660752
2022-10-17,2022020044,"Detroit Red Wings","Los Angeles Kings",0.466365587692423,0.533634412307577
2022-10-17,2022020045,"Minnesota Wild","Colorado Avalanche",0.420083345365648,0.579916654634352
2022-10-17,2022020046,"Dallas Stars","Winnipeg Jets",0.577066154883999,0.422933845116001
2022-10-17,2022020047,"Seattle Kraken","Carolina Hurricanes",0.290439560169376,0.709560439830624
2022-10-18,2022020048,"New Jersey Devils","Anaheim Ducks",0.55745103933381,0.44254896066619
2022-10-18,2022020049,"Ottawa Senators","Boston Bruins",0.362800280414113,0.637199719585887
2022-10-18,2022020050,"Columbus Blue Jackets","Vancouver Canucks",0.449900987489594,0.550099012510405
2022-10-18,2022020051,"New York Islanders","San Jose Sharks",0.741833777922525,0.258166222077475
2022-10-18,2022020052,"Nashville Predators","Los Angeles Kings",0.592012254766731,0.407987745233269
2022-10-18,2022020053,"Tampa Bay Lightning","Philadelphia Flyers",0.811819128523329,0.188180871476671
2022-10-18,2022020054,"Edmonton Oilers","Buffalo Sabres",0.753967978659502,0.246032021340498
2022-10-18,2022020055,"Calgary Flames","Vegas Golden Knights",0.626895606319132,0.373104393680868
2022-10-19,2022020056,"Florida Panthers","Philadelphia Flyers",0.801852771107569,0.198147228892431
2022-10-19,2022020057,"Colorado Avalanche","Winnipeg Jets",0.748470908700494,0.251529091299505
2022-10-19,2022020058,"Seattle Kraken","St. Louis Blues",0.285532202868641,0.714467797131359
2022-10-20,2022020059,"Boston Bruins","Anaheim Ducks",0.785437796162489,0.214562203837511
2022-10-20,2022020060,"Montreal Canadiens","Arizona Coyotes",0.605499164037381,0.394500835962619
2022-10-20,2022020061,"Toronto Maple Leafs","Dallas Stars",0.613227379878185,0.386772620121815
2022-10-20,2022020062,"Pittsburgh Penguins","Los Angeles Kings",0.707124639370861,0.292875360629139
2022-10-20,2022020063,"Columbus Blue Jackets","Nashville Predators",0.485959320697574,0.514040679302426
2022-10-20,2022020064,"New York Rangers","San Jose Sharks",0.813883914264434,0.186116085735566
2022-10-20,2022020065,"Ottawa Senators","Washington Capitals",0.431862752903947,0.568137247096053
2022-10-20,2022020066,"New York Islanders","New Jersey Devils",0.736854002057756,0.263145997942244
2022-10-20,2022020067,"Minnesota Wild","Vancouver Canucks",0.618138175973401,0.381861824026599
2022-10-20,2022020068,"Calgary Flames","Buffalo Sabres",0.766910220598561,0.233089779401439
2022-10-20,2022020069,"Edmonton Oilers","Carolina Hurricanes",0.484346687821181,0.515653312178819
2022-10-20,2022020070,"Vegas Golden Knights","Winnipeg Jets",0.619314191984017,0.380685808015983
2022-10-21,2022020071,"Florida Panthers","Tampa Bay Lightning",0.560144534111557,0.439855465888443
2022-10-21,2022020072,"Chicago Blackhawks","Detroit Red Wings",0.582404571164758,0.417595428835242
2022-10-21,2022020073,"Colorado Avalanche","Seattle Kraken",0.852558041564377,0.147441958435623
2022-10-22,2022020074,"Boston Bruins","Minnesota Wild",0.61553155552656,0.38446844447344
2022-10-22,2022020075,"New Jersey Devils","San Jose Sharks",0.608965947038127,0.391034052961873
2022-10-22,2022020076,"Ottawa Senators","Arizona Coyotes",0.698350370160001,0.301649629839999
2022-10-22,2022020077,"Edmonton Oilers","St. Louis Blues",0.529294111967119,0.470705888032881
2022-10-22,2022020078,"Montreal Canadiens","Dallas Stars",0.406370083646313,0.593629916353687
2022-10-22,2022020079,"Washington Capitals","Los Angeles Kings",0.658980953589984,0.341019046410016
2022-10-22,2022020080,"Tampa Bay Lightning","New York Islanders",0.662201590079413,0.337798409920587
2022-10-22,2022020081,"Columbus Blue Jackets","Pittsburgh Penguins",0.339525777009435,0.660474222990565
2022-10-22,2022020082,"Winnipeg Jets","Toronto Maple Leafs",0.470984462642552,0.529015537357448
2022-10-22,2022020083,"Nashville Predators","Philadelphia Flyers",0.662175759756558,0.337824240243442
2022-10-22,2022020084,"Vancouver Canucks","Buffalo Sabres",0.626009648852711,0.373990351147289
2022-10-22,2022020085,"Calgary Flames","Carolina Hurricanes",0.536464656743013,0.463535343256987
2022-10-22,2022020086,"Vegas Golden Knights","Colorado Avalanche",0.462193347071164,0.537806652928836
2022-10-23,2022020087,"Chicago Blackhawks","Seattle Kraken",0.576625519568872,0.423374480431128
2022-10-23,2022020088,"Detroit Red Wings","Anaheim Ducks",0.569471790430609,0.430528209569391
2022-10-23,2022020089,"New York Rangers","Columbus Blue Jackets",0.762226738885129,0.237773261114871
2022-10-23,2022020090,"Florida Panthers","New York Islanders",0.655708651181461,0.344291348818539
2022-10-23,2022020091,"Philadelphia Flyers","San Jose Sharks",0.611560200666602,0.388439799333398
2022-10-24,2022020092,"Ottawa Senators","Dallas Stars",0.472350286492143,0.527649713507857
2022-10-24,2022020093,"New Jersey Devils","Washington Capitals",0.389731972098209,0.610268027901791
2022-10-24,2022020094,"Edmonton Oilers","Pittsburgh Penguins",0.500870731530419,0.49912926846958
2022-10-24,2022020095,"Winnipeg Jets","St. Louis Blues",0.419136837502375,0.580863162497625
2022-10-24,2022020096,"Vegas Golden Knights","Toronto Maple Leafs",0.531114240451886,0.468885759548114
2022-10-24,2022020097,"Vancouver Canucks","Carolina Hurricanes",0.391794479698333,0.608205520301667
2022-10-25,2022020098,"Columbus Blue Jackets","Arizona Coyotes",0.696712402322921,0.303287597677079
2022-10-25,2022020099,"New York Rangers","Colorado Avalanche",0.477025992030806,0.522974007969194
2022-10-25,2022020100,"Boston Bruins","Dallas Stars",0.623168369052232,0.376831630947768
2022-10-25,2022020101,"Montreal Canadiens","Minnesota Wild",0.375244682129995,0.624755317870005
2022-10-25,2022020102,"Detroit Red Wings","New Jersey Devils",0.564298614227673,0.435701385772327
2022-10-25,2022020103,"Chicago Blackhawks","Florida Panthers",0.312637458926055,0.687362541073945
2022-10-25,2022020104,"Calgary Flames","Pittsburgh Penguins",0.566567259901868,0.433432740098132
2022-10-25,2022020105,"Seattle Kraken","Buffalo Sabres",0.458569505595433,0.541430494404567
2022-10-25,2022020106,"Los Angeles Kings","Tampa Bay Lightning",0.369330319491835,0.630669680508165
2022-10-25,2022020107,"San Jose Sharks","Vegas Golden Knights",0.327170565784856,0.672829434215144
2022-10-26,2022020108,"New York Islanders","New York Rangers",0.489551400981196,0.510448599018804
2022-10-26,2022020109,"St. Louis Blues","Edmonton Oilers",0.589715763344132,0.410284236655869
2022-10-26,2022020110,"Anaheim Ducks","Tampa Bay Lightning",0.27868469006817,0.72131530993183
2022-10-27,2022020111,"Boston Bruins","Detroit Red Wings",0.787362013708182,0.212637986291818
2022-10-27,2022020112,"Philadelphia Flyers","Florida Panthers",0.309107905021218,0.690892094978782
2022-10-27,2022020113,"Ottawa Senators","Minnesota Wild",0.473883179677195,0.526116820322805
2022-10-27,2022020114,"Buffalo Sabres","Montreal Canadiens",0.640151392128399,0.359848607871601
2022-10-27,2022020115,"Nashville Predators","St. Louis Blues",0.406763024950032,0.593236975049968
2022-10-27,2022020116,"Chicago Blackhawks","Edmonton Oilers",0.350334928289001,0.649665071710999
2022-10-27,2022020117,"Dallas Stars","Washington Capitals",0.546571700308572,0.453428299691428
2022-10-27,2022020118,"Seattle Kraken","Vancouver Canucks",0.467815301479694,0.532184698520306
2022-10-27,2022020119,"San Jose Sharks","Toronto Maple Leafs",0.306964875992964,0.693035124007035
2022-10-27,2022020120,"Los Angeles Kings","Winnipeg Jets",0.509290619242575,0.490709380757425
2022-10-28,2022020121,"Vegas Golden Knights","Anaheim Ducks",0.793620015837887,0.206379984162113
2022-10-28,2022020122,"Columbus Blue Jackets","Boston Bruins",0.351402155316066,0.648597844683934
2022-10-28,2022020123,"New Jersey Devils","Colorado Avalanche",0.257669564087593,0.742330435912407
2022-10-28,2022020124,"Carolina Hurricanes","New York Islanders",0.667167175697289,0.332832824302711
2022-10-28,2022020125,"Vancouver Canucks","Pittsburgh Penguins",0.432043084950377,0.567956915049623
2022-10-28,2022020126,"Arizona Coyotes","Winnipeg Jets",0.352610970182971,0.647389029817029
2022-10-29,2022020127,"Dallas Stars","New York Rangers",0.527288212608439,0.472711787391561
2022-10-29,2022020128,"Florida Panthers","Ottawa Senators",0.703170361596196,0.296829638403804
2022-10-29,2022020129,"San Jose Sharks","Tampa Bay Lightning",0.303772320148625,0.696227679851374
2022-10-29,2022020130,"Philadelphia Flyers","Carolina Hurricanes",0.316222804538119,0.683777195461881
2022-10-29,2022020131,"Buffalo Sabres","Chicago Blackhawks",0.600972488011997,0.399027511988003
2022-10-29,2022020132,"Detroit Red Wings","Minnesota Wild",0.334970868620465,0.665029131379535
2022-10-29,2022020133,"St. Louis Blues","Montreal Canadiens",0.765812136400819,0.234187863599181
2022-10-29,2022020134,"Los Angeles Kings","Toronto Maple Leafs",0.417130893189971,0.582869106810029
2022-10-29,2022020135,"New York Islanders","Colorado Avalanche",0.431951057616249,0.568048942383751
2022-10-29,2022020136,"Nashville Predators","Washington Capitals",0.491168915418893,0.508831084581107
2022-10-29,2022020137,"Calgary Flames","Edmonton Oilers",0.606679253710603,0.393320746289397
2022-10-29,2022020138,"Seattle Kraken","Pittsburgh Penguins",0.347317101534524,0.652682898465476
2022-10-30,2022020139,"New Jersey Devils","Columbus Blue Jackets",0.569735027134515,0.430264972865485
2022-10-30,2022020140,"Chicago Blackhawks","Minnesota Wild",0.397811301921405,0.602188698078595
2022-10-30,2022020141,"Arizona Coyotes","New York Rangers",0.285666119371959,0.714333880628041
2022-10-30,2022020142,"Anaheim Ducks","Toronto Maple Leafs",0.293880364125726,0.706119635874274
2022-10-30,2022020143,"Vegas Golden Knights","Winnipeg Jets",0.64618506712738,0.35381493287262
2022-10-31,2022020144,"Buffalo Sabres","Detroit Red Wings",0.652077502223592,0.347922497776408
2022-10-31,2022020145,"Carolina Hurricanes","Washington Capitals",0.632254617312901,0.367745382687099
2022-10-31,2022020146,"St. Louis Blues","Los Angeles Kings",0.673221551144805,0.326778448855195
2022-11-01,2022020147,"Pittsburgh Penguins","Boston Bruins",0.521146814504265,0.478853185495735
2022-11-01,2022020148,"Tampa Bay Lightning","Ottawa Senators",0.720441319247113,0.279558680752887
2022-11-01,2022020149,"New York Rangers","Philadelphia Flyers",0.759623353604044,0.240376646395956
2022-11-01,2022020150,"Washington Capitals","Vegas Golden Knights",0.513422648448228,0.486577351551772
2022-11-01,2022020151,"Minnesota Wild","Montreal Canadiens",0.725244452560475,0.274755547439525
2022-11-01,2022020152,"Chicago Blackhawks","New York Islanders",0.394602120651063,0.605397879348937
2022-11-01,2022020153,"Dallas Stars","Los Angeles Kings",0.61178678755071,0.38821321244929
2022-11-01,2022020154,"Edmonton Oilers","Nashville Predators",0.708853738229384,0.291146261770616
2022-11-01,2022020155,"Calgary Flames","Seattle Kraken",0.776839805697048,0.223160194302952
2022-11-01,2022020156,"Arizona Coyotes","Florida Panthers",0.265494104816036,0.734505895183964
2022-11-01,2022020157,"Vancouver Canucks","New Jersey Devils",0.645729129346402,0.354270870653598
2022-11-01,2022020158,"San Jose Sharks","Anaheim Ducks",0.5908890016565,0.4091109983435
2022-11-02,2022020159,"Toronto Maple Leafs","Philadelphia Flyers",0.754888144630836,0.245111855369164
2022-11-02,2022020160,"Buffalo Sabres","Pittsburgh Penguins",0.43326542871657,0.566734571283431
2022-11-03,2022020161,"New York Rangers","Boston Bruins",0.528094362675588,0.471905637324412
2022-11-03,2022020162,"Tampa Bay Lightning","Carolina Hurricanes",0.562411729451518,0.437588270548482
2022-11-03,2022020163,"Ottawa Senators","Vegas Golden Knights",0.409958976107916,0.590041023892084
2022-11-03,2022020164,"Detroit Red Wings","Washington Capitals",0.343662941879704,0.656337058120296
2022-11-03,2022020165,"Winnipeg Jets","Montreal Canadiens",0.69841182334505,0.30158817665495
2022-11-03,2022020166,"St. Louis Blues","New York Islanders",0.551354343266886,0.448645656733114
2022-11-03,2022020167,"Minnesota Wild","Seattle Kraken",0.71382481561544,0.28617518438456
2022-11-03,2022020168,"Chicago Blackhawks","Los Angeles Kings",0.479268686495251,0.520731313504749
2022-11-03,2022020169,"Calgary Flames","Nashville Predators",0.726527648593684,0.273472351406316
2022-11-03,2022020170,"Edmonton Oilers","New Jersey Devils",0.733424685592987,0.266575314407013
2022-11-03,2022020171,"Vancouver Canucks","Anaheim Ducks",0.703760842175632,0.296239157824368
2022-11-03,2022020172,"Arizona Coyotes","Dallas Stars",0.35327762911524,0.64672237088476
2022-11-03,2022020173,"San Jose Sharks","Florida Panthers",0.321450432638425,0.678549567361575
2022-11-04,2022020174,"Carolina Hurricanes","Buffalo Sabres",0.715197891850533,0.284802108149467
2022-11-04,2022020175,"Colorado Avalanche","Columbus Blue Jackets",0.828511963728588,0.171488036271412
2022-11-05,2022020176,"Winnipeg Jets","Chicago Blackhawks",0.684212871453955,0.315787128546045
2022-11-05,2022020177,"Edmonton Oilers","Dallas Stars",0.605348176034182,0.394651823965818
2022-11-05,2022020178,"Washington Capitals","Arizona Coyotes",0.777427486096974,0.222572513903026
2022-11-05,2022020179,"Toronto Maple Leafs","Boston Bruins",0.499606770646035,0.500393229353965
2022-11-05,2022020180,"Tampa Bay Lightning","Buffalo Sabres",0.708353443544814,0.291646556455186
2022-11-05,2022020181,"Detroit Red Wings","New York Islanders",0.329484618663052,0.670515381336948
2022-11-05,2022020182,"Ottawa Senators","Philadelphia Flyers",0.651385218723092,0.348614781276908
2022-11-05,2022020183,"Pittsburgh Penguins","Seattle Kraken",0.695254681166093,0.304745318833907
2022-11-05,2022020184,"Montreal Canadiens","Vegas Golden Knights",0.329863838494379,0.670136161505621
2022-11-05,2022020185,"Columbus Blue Jackets","Colorado Avalanche",0.251123303059997,0.748876696940002
2022-11-05,2022020186,"Vancouver Canucks","Nashville Predators",0.586948411914542,0.413051588085458
2022-11-05,2022020187,"Calgary Flames","New Jersey Devils",0.715360338679503,0.284639661320497
2022-11-05,2022020188,"San Jose Sharks","Anaheim Ducks",0.578677932289089,0.421322067710911
2022-11-05,2022020189,"Los Angeles Kings","Florida Panthers",0.426958107625842,0.573041892374158
2022-11-06,2022020190,"New York Rangers","Detroit Red Wings",0.756050906464624,0.243949093535376
2022-11-06,2022020191,"Carolina Hurricanes","Toronto Maple Leafs",0.607497603679093,0.392502396320907
2022-11-06,2022020192,"Anaheim Ducks","Florida Panthers",0.307370990683841,0.692629009316159
2022-11-07,2022020193,"New York Islanders","Calgary Flames",0.526238315806866,0.473761684193134
2022-11-07,2022020194,"Boston Bruins","St. Louis Blues",0.656739866967379,0.343260133032621
2022-11-07,2022020195,"Washington Capitals","Edmonton Oilers",0.509598036762202,0.490401963237799
2022-11-08,2022020196,"Buffalo Sabres","Arizona Coyotes",0.702262161261727,0.297737838738273
2022-11-08,2022020197,"New Jersey Devils","Calgary Flames",0.409259846251046,0.590740153748954
2022-11-08,2022020198,"New York Rangers","New York Islanders",0.565329123969148,0.434670876030852
2022-11-08,2022020199,"Philadelphia Flyers","St. Louis Blues",0.385294065503274,0.614705934496726
2022-11-08,2022020200,"Ottawa Senators","Vancouver Canucks",0.523443826163722,0.476556173836279
2022-11-08,2022020201,"Toronto Maple Leafs","Vegas Golden Knights",0.53835227669934,0.46164772330066
2022-11-08,2022020202,"Tampa Bay Lightning","Edmonton Oilers",0.600053706142263,0.399946293857737
2022-11-08,2022020203,"Detroit Red Wings","Montreal Canadiens",0.55328677103163,0.44671322896837
2022-11-08,2022020204,"Winnipeg Jets","Dallas Stars",0.52083866354208,0.47916133645792
2022-11-08,2022020205,"Seattle Kraken","Nashville Predators",0.524229815997718,0.475770184002282
2022-11-08,2022020206,"Los Angeles Kings","Minnesota Wild",0.488390860655497,0.511609139344503
2022-11-09,2022020207,"Florida Panthers","Carolina Hurricanes",0.527464032803222,0.472535967196778
2022-11-09,2022020208,"Washington Capitals","Pittsburgh Penguins",0.541936934684615,0.458063065315385
2022-11-09,2022020209,"Montreal Canadiens","Vancouver Canucks",0.445033452592265,0.554966547407735
2022-11-09,2022020210,"Anaheim Ducks","Minnesota Wild",0.358968085057605,0.641031914942395
2022-11-10,2022020211,"Boston Bruins","Calgary Flames",0.616349949671701,0.383650050328299
2022-11-10,2022020212,"Carolina Hurricanes","Edmonton Oilers",0.596251454556188,0.403748545443812
2022-11-10,2022020213,"New Jersey Devils","Ottawa Senators",0.580293536323294,0.419706463676706
2022-11-10,2022020214,"Columbus Blue Jackets","Philadelphia Flyers",0.528678434927672,0.471321565072328
2022-11-10,2022020215,"Buffalo Sabres","Vegas Golden Knights",0.380350134128631,0.619649865871369
2022-11-10,2022020216,"New York Islanders","Arizona Coyotes",0.773868820948268,0.226131179051732
2022-11-10,2022020217,"Detroit Red Wings","New York Rangers",0.359989989122038,0.640010010877962
2022-11-10,2022020218,"St. Louis Blues","San Jose Sharks",0.7232494125709,0.2767505874291
2022-11-10,2022020219,"Colorado Avalanche","Nashville Predators",0.771453789386335,0.228546210613665
2022-11-10,2022020220,"Los Angeles Kings","Chicago Blackhawks",0.655550533304628,0.344449466695372
2022-11-11,2022020221,"Toronto Maple Leafs","Pittsburgh Penguins",0.586787094963552,0.413212905036448
2022-11-11,2022020222,"Washington Capitals","Tampa Bay Lightning",0.470890908493761,0.529109091506239
2022-11-11,2022020223,"Dallas Stars","San Jose Sharks",0.746075890465109,0.253924109534891
2022-11-11,2022020224,"Seattle Kraken","Minnesota Wild",0.47075138654716,0.52924861345284
2022-11-12,2022020225,"Philadelphia Flyers","Ottawa Senators",0.499905172259054,0.500094827740946
2022-11-12,2022020226,"Florida Panthers","Edmonton Oilers",0.598994701859608,0.401005298140391
2022-11-12,2022020227,"New Jersey Devils","Arizona Coyotes",0.676952123826074,0.323047876173926
2022-11-12,2022020228,"Buffalo Sabres","Boston Bruins",0.343252236220732,0.656747763779268
2022-11-12,2022020229,"Montreal Canadiens","Pittsburgh Penguins",0.368356251891667,0.631643748108332
2022-11-12,2022020230,"Toronto Maple Leafs","Vancouver Canucks",0.666979345688331,0.33302065431167
2022-11-12,2022020231,"New York Islanders","Columbus Blue Jackets",0.73743049830565,0.26256950169435
2022-11-12,2022020232,"Nashville Predators","New York Rangers",0.428174563834999,0.571825436165001
2022-11-12,2022020233,"Colorado Avalanche","Carolina Hurricanes",0.616562109703281,0.383437890296719
2022-11-12,2022020234,"Anaheim Ducks","Chicago Blackhawks",0.518226370097203,0.481773629902797
2022-11-12,2022020235,"Vegas Golden Knights","St. Louis Blues",0.666044965539618,0.333955034460382
2022-11-12,2022020236,"Calgary Flames","Winnipeg Jets",0.591792793121007,0.408207206878993
2022-11-12,2022020237,"Los Angeles Kings","Detroit Red Wings",0.683752021317474,0.316247978682526
2022-11-13,2022020238,"Philadelphia Flyers","Dallas Stars",0.38145652125057,0.61854347874943
2022-11-13,2022020239,"New York Rangers","Arizona Coyotes",0.770767779268225,0.229232220731775
2022-11-13,2022020240,"Minnesota Wild","San Jose Sharks",0.738704720903402,0.261295279096598
2022-11-13,2022020241,"Boston Bruins","Vancouver Canucks",0.724248710374568,0.275751289625432
2022-11-13,2022020242,"Tampa Bay Lightning","Washington Capitals",0.619808794311407,0.380191205688593
2022-11-13,2022020243,"Seattle Kraken","Winnipeg Jets",0.463513931597631,0.536486068402369
2022-11-14,2022020244,"Ottawa Senators","New York Islanders",0.45068417274571,0.54931582725429
2022-11-14,2022020245,"Chicago Blackhawks","Carolina Hurricanes",0.322523920146728,0.677476079853272
2022-11-14,2022020246,"Calgary Flames","Los Angeles Kings",0.666049585191292,0.333950414808708
2022-11-14,2022020247,"Colorado Avalanche","St. Louis Blues",0.720655435986164,0.279344564013836
2022-11-15,2022020248,"Tampa Bay Lightning","Dallas Stars",0.607281108122028,0.392718891877973
2022-11-15,2022020249,"Montreal Canadiens","New Jersey Devils",0.491967644448469,0.508032355551531
2022-11-15,2022020250,"Columbus Blue Jackets","Philadelphia Flyers",0.579950422127149,0.420049577872851
2022-11-15,2022020251,"Pittsburgh Penguins","Toronto Maple Leafs",0.545612132530277,0.454387867469723
2022-11-15,2022020252,"Buffalo Sabres","Vancouver Canucks",0.516882488754493,0.483117511245507
2022-11-15,2022020253,"Florida Panthers","Washington Capitals",0.618496406458666,0.381503593541334
2022-11-15,2022020254,"Nashville Predators","Minnesota Wild",0.475689076330773,0.524310923669227
2022-11-15,2022020255,"Anaheim Ducks","Detroit Red Wings",0.53953606877636,0.46046393122364
2022-11-15,2022020256,"Vegas Golden Knights","San Jose Sharks",0.782523050029821,0.217476949970179
2022-11-16,2022020257,"Ottawa Senators","Buffalo Sabres",0.573187900452642,0.426812099547358
2022-11-16,2022020258,"Chicago Blackhawks","St. Louis Blues",0.384240090147221,0.615759909852779
2022-11-16,2022020259,"Edmonton Oilers","Los Angeles Kings",0.658662957394762,0.341337042605238
2022-11-17,2022020260,"Tampa Bay Lightning","Calgary Flames",0.58250405950066,0.41749594049934
2022-11-17,2022020261,"Carolina Hurricanes","Colorado Avalanche",0.495392143863006,0.504607856136994
2022-11-17,2022020262,"Florida Panthers","Dallas Stars",0.598579380138918,0.401420619861082
2022-11-17,2022020263,"Columbus Blue Jackets","Montreal Canadiens",0.546814491749765,0.453185508250235
2022-11-17,2022020264,"Toronto Maple Leafs","New Jersey Devils",0.673200788813716,0.326799211186284
2022-11-17,2022020265,"Boston Bruins","Philadelphia Flyers",0.814181690858247,0.185818309141753
2022-11-17,2022020266,"Winnipeg Jets","Anaheim Ducks",0.755807745085533,0.244192254914466
2022-11-17,2022020267,"Nashville Predators","New York Islanders",0.455266200341497,0.544733799658503
2022-11-17,2022020268,"Minnesota Wild","Pittsburgh Penguins",0.534031543792744,0.465968456207256
2022-11-17,2022020269,"St. Louis Blues","Washington Capitals",0.578826028783635,0.421173971216365
2022-11-17,2022020270,"Vegas Golden Knights","Arizona Coyotes",0.794019050482486,0.205980949517514
2022-11-17,2022020271,"Seattle Kraken","New York Rangers",0.418553725204421,0.581446274795579
2022-11-17,2022020272,"San Jose Sharks","Detroit Red Wings",0.599148306821113,0.400851693178887
2022-11-18,2022020273,"Vancouver Canucks","Los Angeles Kings",0.547416228576485,0.452583771423515
2022-11-19,2022020274,"Ottawa Senators","New Jersey Devils",0.521846623843677,0.478153376156323
2022-11-19,2022020275,"Florida Panthers","Calgary Flames",0.570095574794392,0.429904425205608
2022-11-19,2022020276,"Toronto Maple Leafs","Buffalo Sabres",0.723564900145141,0.276435099854859
2022-11-19,2022020277,"Boston Bruins","Chicago Blackhawks",0.812873841355832,0.187126158644168
2022-11-19,2022020278,"Washington Capitals","Colorado Avalanche",0.379278783044616,0.620721216955384
2022-11-19,2022020279,"Columbus Blue Jackets","Detroit Red Wings",0.584243662907673,0.415756337092327
2022-11-19,2022020280,"Montreal Canadiens","Philadelphia Flyers",0.591772052373559,0.408227947626441
2022-11-19,2022020281,"Winnipeg Jets","Pittsburgh Penguins",0.539748302642226,0.460251697357774
2022-11-19,2022020282,"St. Louis Blues","Anaheim Ducks",0.758018541981631,0.241981458018369
2022-11-19,2022020283,"Minnesota Wild","Carolina Hurricanes",0.458325008894628,0.541674991105372
2022-11-19,2022020284,"Dallas Stars","New York Islanders",0.560961809899749,0.439038190100251
2022-11-19,2022020285,"Nashville Predators","Tampa Bay Lightning",0.405911362855381,0.594088637144619
2022-11-19,2022020286,"Seattle Kraken","Los Angeles Kings",0.536756406287337,0.463243593712663
2022-11-19,2022020287,"Edmonton Oilers","Vegas Golden Knights",0.511159435886873,0.488840564113127
2022-11-19,2022020288,"San Jose Sharks","New York Rangers",0.350606571910158,0.649393428089842
2022-11-20,2022020289,"Columbus Blue Jackets","Florida Panthers",0.325017915667552,0.674982084332448
2022-11-20,2022020290,"Chicago Blackhawks","Pittsburgh Penguins",0.321363421590665,0.678636578409335
2022-11-21,2022020291,"Tampa Bay Lightning","Boston Bruins",0.495953459817683,0.504046540182317
2022-11-21,2022020292,"Philadelphia Flyers","Calgary Flames",0.320757920056996,0.679242079943004
2022-11-21,2022020293,"New Jersey Devils","Edmonton Oilers",0.485007109875291,0.514992890124709
2022-11-21,2022020294,"Winnipeg Jets","Carolina Hurricanes",0.47163083180256,0.528369168197439
2022-11-21,2022020295,"Toronto Maple Leafs","New York Islanders",0.601892849156546,0.398107150843454
2022-11-21,2022020296,"St. Louis Blues","Anaheim Ducks",0.771431796969775,0.228568203030225
2022-11-21,2022020297,"Nashville Predators","Arizona Coyotes",0.69316267047745,0.30683732952255
2022-11-21,2022020298,"Dallas Stars","Colorado Avalanche",0.420924083446911,0.579075916553089
2022-11-21,2022020299,"San Jose Sharks","Ottawa Senators",0.490538849676232,0.509461150323768
2022-11-21,2022020300,"Vancouver Canucks","Vegas Golden Knights",0.432529557541545,0.567470442458455
2022-11-22,2022020301,"Montreal Canadiens","Buffalo Sabres",0.529220720750723,0.470779279249277
2022-11-22,2022020302,"Los Angeles Kings","New York Rangers",0.444167613247626,0.555832386752374
2022-11-23,2022020303,"Carolina Hurricanes","Arizona Coyotes",0.801635607504718,0.198364392495282
2022-11-23,2022020304,"Florida Panthers","Boston Bruins",0.437135898682545,0.562864101317455
2022-11-23,2022020305,"Pittsburgh Penguins","Calgary Flames",0.548693715579297,0.451306284420703
2022-11-23,2022020306,"Columbus Blue Jackets","Montreal Canadiens",0.565388685976075,0.434611314023925
2022-11-23,2022020307,"Buffalo Sabres","St. Louis Blues",0.420405596499484,0.579594403500516
2022-11-23,2022020308,"New Jersey Devils","Toronto Maple Leafs",0.475512346319269,0.524487653680731
2022-11-23,2022020309,"Minnesota Wild","Winnipeg Jets",0.550159630504201,0.449840369495799
2022-11-23,2022020310,"New York Islanders","Edmonton Oilers",0.552056456813603,0.447943543186397
2022-11-23,2022020311,"Detroit Red Wings","Nashville Predators",0.462140413421437,0.537859586578563
2022-11-23,2022020312,"Washington Capitals","Philadelphia Flyers",0.717302454123147,0.282697545876853
2022-11-23,2022020313,"Dallas Stars","Chicago Blackhawks",0.759071089302323,0.240928910697677
2022-11-23,2022020314,"Anaheim Ducks","New York Rangers",0.293035563686868,0.706964436313132
2022-11-23,2022020315,"Vegas Golden Knights","Ottawa Senators",0.728501107162088,0.271498892837912
2022-11-23,2022020316,"Seattle Kraken","San Jose Sharks",0.625373352861209,0.374626647138791
2022-11-23,2022020317,"Colorado Avalanche","Vancouver Canucks",0.765523148192937,0.234476851807063
2022-11-25,2022020318,"Boston Bruins","Carolina Hurricanes",0.629299232877139,0.370700767122861
2022-11-25,2022020319,"Washington Capitals","Calgary Flames",0.483162033982287,0.516837966017713
2022-11-25,2022020320,"Nashville Predators","Colorado Avalanche",0.315606637791607,0.684393362208393
2022-11-25,2022020321,"Chicago Blackhawks","Montreal Canadiens",0.527077020246918,0.472922979753082
2022-11-25,2022020322,"Minnesota Wild","Toronto Maple Leafs",0.514473329149009,0.485526670850991
2022-11-25,2022020323,"Anaheim Ducks","Ottawa Senators",0.471302302328475,0.528697697671525
2022-11-25,2022020324,"Philadelphia Flyers","Pittsburgh Penguins",0.308628652866581,0.691371347133419
2022-11-25,2022020325,"Detroit Red Wings","Arizona Coyotes",0.601337074551367,0.398662925448633
2022-11-25,2022020326,"Columbus Blue Jackets","New York Islanders",0.354640369378547,0.645359630621454
2022-11-25,2022020327,"Buffalo Sabres","New Jersey Devils",0.492017165891789,0.507982834108211
2022-11-25,2022020328,"Tampa Bay Lightning","St. Louis Blues",0.629206796167821,0.370793203832179
2022-11-25,2022020329,"Vegas Golden Knights","Seattle Kraken",0.695960841490055,0.304039158509945
2022-11-25,2022020330,"Dallas Stars","Winnipeg Jets",0.609344542718704,0.390655457281296
2022-11-25,2022020331,"San Jose Sharks","Los Angeles Kings",0.47317134196025,0.52682865803975
2022-11-26,2022020332,"New York Rangers","Edmonton Oilers",0.591772199909779,0.408227800090221
2022-11-26,2022020333,"Carolina Hurricanes","Calgary Flames",0.579074884834881,0.420925115165119
2022-11-26,2022020334,"Florida Panthers","St. Louis Blues",0.609763381637215,0.390236618362785
2022-11-26,2022020335,"Pittsburgh Penguins","Toronto Maple Leafs",0.551465477430653,0.448534522569347
2022-11-26,2022020336,"New Jersey Devils","Washington Capitals",0.553388321476641,0.446611678523359
2022-11-26,2022020337,"New York Islanders","Philadelphia Flyers",0.763797718634194,0.236202281365806
2022-11-26,2022020339,"Colorado Avalanche","Dallas Stars",0.684003481303694,0.315996518696306
2022-11-26,2022020340,"Vegas Golden Knights","Vancouver Canucks",0.665647413155925,0.334352586844075
2022-11-27,2022020341,"Minnesota Wild","Arizona Coyotes",0.741695232559519,0.258304767440481
2022-11-27,2022020342,"Chicago Blackhawks","Winnipeg Jets",0.368621189469793,0.631378810530207
2022-11-27,2022020343,"Anaheim Ducks","Seattle Kraken",0.384450355509652,0.615549644490348
2022-11-27,2022020344,"San Jose Sharks","Vancouver Canucks",0.428848429458565,0.571151570541435
2022-11-27,2022020345,"Los Angeles Kings","Ottawa Senators",0.601946528254574,0.398053471745426
2022-11-28,2022020346,"New York Rangers","New Jersey Devils",0.60023890674838,0.39976109325162
2022-11-28,2022020347,"Buffalo Sabres","Tampa Bay Lightning",0.371319403866998,0.628680596133002
2022-11-28,2022020348,"Detroit Red Wings","Toronto Maple Leafs",0.331842973527735,0.668157026472265
2022-11-28,2022020349,"Columbus Blue Jackets","Vegas Golden Knights",0.328107675813801,0.671892324186199
2022-11-28,2022020350,"St. Louis Blues","Dallas Stars",0.532581059410252,0.467418940589748
2022-11-28,2022020351,"Edmonton Oilers","Florida Panthers",0.532351977398751,0.467648022601249
2022-11-29,2022020352,"Pittsburgh Penguins","Carolina Hurricanes",0.535840299047493,0.464159700952507
2022-11-29,2022020353,"Philadelphia Flyers","New York Islanders",0.312290855078461,0.687709144921539
2022-11-29,2022020354,"Montreal Canadiens","San Jose Sharks",0.567060397356619,0.432939602643381
2022-11-29,2022020355,"Boston Bruins","Tampa Bay Lightning",0.609532705800089,0.390467294199911
2022-11-29,2022020356,"Nashville Predators","Anaheim Ducks",0.690154866872565,0.309845133127435
2022-11-29,2022020357,"Winnipeg Jets","Colorado Avalanche",0.388953998789917,0.611046001210083
2022-11-29,2022020358,"Calgary Flames","Florida Panthers",0.555436462500508,0.444563537499492
2022-11-29,2022020359,"Vancouver Canucks","Washington Capitals",0.555776903212291,0.444223096787709
2022-11-29,2022020360,"Los Angeles Kings","Seattle Kraken",0.53930399464584,0.46069600535416
2022-11-30,2022020361,"Detroit Red Wings","Buffalo Sabres",0.498543644335249,0.501456355664751
2022-11-30,2022020362,"Ottawa Senators","New York Rangers",0.418661118271022,0.581338881728978
2022-11-30,2022020363,"Toronto Maple Leafs","San Jose Sharks",0.765792352588092,0.234207647411908
2022-11-30,2022020364,"Chicago Blackhawks","Edmonton Oilers",0.312603975427106,0.687396024572894
2022-12-01,2022020365,"Buffalo Sabres","Colorado Avalanche",0.302899896967685,0.697100103032316
2022-12-01,2022020366,"New Jersey Devils","Nashville Predators",0.640387520565062,0.359612479434938
2022-12-01,2022020367,"Philadelphia Flyers","Tampa Bay Lightning",0.280955136395349,0.719044863604651
2022-12-01,2022020368,"Pittsburgh Penguins","Vegas Golden Knights",0.545760747748058,0.454239252251942
2022-12-01,2022020369,"St. Louis Blues","Carolina Hurricanes",0.474502982463433,0.525497017536567
2022-12-01,2022020370,"Minnesota Wild","Edmonton Oilers",0.540271810389173,0.459728189610827
2022-12-01,2022020371,"Dallas Stars","Anaheim Ducks",0.783212174259562,0.216787825740438
2022-12-01,2022020372,"Calgary Flames","Montreal Canadiens",0.756904753068149,0.243095246931851
2022-12-01,2022020373,"Vancouver Canucks","Florida Panthers",0.483044070717682,0.516955929282318
2022-12-01,2022020374,"Seattle Kraken","Washington Capitals",0.518142939296948,0.481857060703052
2022-12-01,2022020375,"Los Angeles Kings","Arizona Coyotes",0.669078698678874,0.330921301321126
2022-12-02,2022020376,"New York Rangers","Ottawa Senators",0.68983294422374,0.31016705577626
2022-12-02,2022020377,"New York Islanders","Nashville Predators",0.649620849941065,0.350379150058935
2022-12-02,2022020378,"Winnipeg Jets","Columbus Blue Jackets",0.739996809377966,0.260003190622034
2022-12-03,2022020379,"Minnesota Wild","Anaheim Ducks",0.778374187876333,0.221625812123667
2022-12-03,2022020380,"Boston Bruins","Colorado Avalanche",0.543321132729427,0.456678867270573
2022-12-03,2022020381,"Edmonton Oilers","Montreal Canadiens",0.724842406991752,0.275157593008248
2022-12-03,2022020382,"Philadelphia Flyers","New Jersey Devils",0.340137583616663,0.659862416383337
2022-12-03,2022020383,"Ottawa Senators","San Jose Sharks",0.607470323764138,0.392529676235862
2022-12-03,2022020384,"Pittsburgh Penguins","St. Louis Blues",0.612458346686479,0.387541653313521
2022-12-03,2022020385,"Tampa Bay Lightning","Toronto Maple Leafs",0.553448288969293,0.446551711030707
2022-12-03,2022020386,"Detroit Red Wings","Vegas Golden Knights",0.350844459202391,0.649155540797609
2022-12-03,2022020387,"New York Rangers","Chicago Blackhawks",0.766597140928604,0.233402859071396
2022-12-03,2022020388,"Vancouver Canucks","Arizona Coyotes",0.687264483896673,0.312735516103327
2022-12-03,2022020389,"Seattle Kraken","Florida Panthers",0.46017661999808,0.53982338000192
2022-12-03,2022020390,"Calgary Flames","Washington Capitals",0.609974868548922,0.390025131451077
2022-12-03,2022020391,"Los Angeles Kings","Carolina Hurricanes",0.409018681059529,0.590981318940471
2022-12-04,2022020392,"Winnipeg Jets","Anaheim Ducks",0.770995792483641,0.229004207516359
2022-12-04,2022020393,"Dallas Stars","Minnesota Wild",0.587158924721026,0.412841075278974
2022-12-04,2022020394,"Columbus Blue Jackets","Detroit Red Wings",0.551302721874442,0.448697278125558
2022-12-04,2022020395,"Buffalo Sabres","San Jose Sharks",0.62628649576907,0.37371350423093
2022-12-04,2022020396,"New York Islanders","Chicago Blackhawks",0.738726733436408,0.261273266563591
2022-12-05,2022020397,"Philadelphia Flyers","Colorado Avalanche",0.221834928950456,0.778165071049544
2022-12-05,2022020398,"New York Rangers","St. Louis Blues",0.597717043919479,0.402282956080521
2022-12-05,2022020399,"Boston Bruins","Vegas Golden Knights",0.652982169495801,0.347017830504199
2022-12-05,2022020400,"Edmonton Oilers","Washington Capitals",0.592074756340429,0.407925243659571
2022-12-05,2022020401,"Calgary Flames","Arizona Coyotes",0.770580542791443,0.229419457208557
2022-12-05,2022020402,"Vancouver Canucks","Montreal Canadiens",0.662589883282399,0.337410116717601
2022-12-06,2022020403,"New Jersey Devils","Chicago Blackhawks",0.740005519060726,0.259994480939274
2022-12-06,2022020404,"Pittsburgh Penguins","Columbus Blue Jackets",0.759719603550774,0.240280396449226
2022-12-06,2022020405,"Tampa Bay Lightning","Detroit Red Wings",0.765079851052609,0.234920148947391
2022-12-06,2022020406,"Ottawa Senators","Los Angeles Kings",0.534146113560032,0.465853886439968
2022-12-06,2022020407,"New York Islanders","St. Louis Blues",0.60421648066574,0.39578351933426
2022-12-06,2022020408,"Winnipeg Jets","Florida Panthers",0.513512945327494,0.486487054672506
2022-12-06,2022020409,"Dallas Stars","Toronto Maple Leafs",0.509849361435635,0.490150638564365
2022-12-06,2022020410,"Anaheim Ducks","Carolina Hurricanes",0.248183741127018,0.751816258872982
2022-12-06,2022020411,"Seattle Kraken","Montreal Canadiens",0.652967645371543,0.347032354628457
2022-12-07,2022020412,"Columbus Blue Jackets","Buffalo Sabres",0.456352680957002,0.543647319042998
2022-12-07,2022020413,"Philadelphia Flyers","Washington Capitals",0.371564832884877,0.628435167115123
2022-12-07,2022020414,"Calgary Flames","Minnesota Wild",0.586035323405564,0.413964676594436
2022-12-07,2022020415,"Colorado Avalanche","Boston Bruins",0.52268980571366,0.47731019428634
2022-12-07,2022020416,"Edmonton Oilers","Arizona Coyotes",0.744377503308131,0.255622496691869
2022-12-07,2022020417,"Vegas Golden Knights","New York Rangers",0.5841217763446,0.4158782236554
2022-12-07,2022020418,"San Jose Sharks","Vancouver Canucks",0.420395871848743,0.579604128151257
2022-12-08,2022020419,"Florida Panthers","Detroit Red Wings",0.720707344876223,0.279292655123777
2022-12-08,2022020420,"Toronto Maple Leafs","Los Angeles Kings",0.697580956566654,0.302419043433346
2022-12-08,2022020421,"Tampa Bay Lightning","Nashville Predators",0.683935860819842,0.316064139180158
2022-12-08,2022020422,"St. Louis Blues","Winnipeg Jets",0.495435868423758,0.504564131576242
2022-12-08,2022020423,"Dallas Stars","Ottawa Senators",0.668052431082973,0.331947568917027
2022-12-09,2022020424,"Columbus Blue Jackets","Calgary Flames",0.304564348293253,0.695435651706747
2022-12-09,2022020425,"New Jersey Devils","New York Islanders",0.548237130945915,0.451762869054085
2022-12-09,2022020426,"Buffalo Sabres","Pittsburgh Penguins",0.405895673097698,0.594104326902302
2022-12-09,2022020427,"Washington Capitals","Seattle Kraken",0.609695810546941,0.390304189453059
2022-12-09,2022020428,"Chicago Blackhawks","Winnipeg Jets",0.305434600996081,0.694565399003919
2022-12-09,2022020429,"Edmonton Oilers","Minnesota Wild",0.566624327106392,0.433375672893608
2022-12-09,2022020430,"Colorado Avalanche","New York Rangers",0.623442383233476,0.376557616766524
2022-12-09,2022020431,"Arizona Coyotes","Boston Bruins",0.202428614474671,0.797571385525329
2022-12-09,2022020432,"Vegas Golden Knights","Philadelphia Flyers",0.765870762413772,0.234129237586228
2022-12-09,2022020433,"Anaheim Ducks","San Jose Sharks",0.486753375558773,0.513246624441227
2022-12-10,2022020434,"Nashville Predators","Ottawa Senators",0.572329900235154,0.427670099764846
2022-12-10,2022020435,"Dallas Stars","Detroit Red Wings",0.711649285038789,0.288350714961211
2022-12-10,2022020436,"Tampa Bay Lightning","Florida Panthers",0.581974508508947,0.418025491491053
2022-12-10,2022020437,"Pittsburgh Penguins","Buffalo Sabres",0.684343207945668,0.315656792054332
2022-12-10,2022020438,"Toronto Maple Leafs","Calgary Flames",0.608480940591356,0.391519059408644
2022-12-10,2022020439,"Montreal Canadiens","Los Angeles Kings",0.469879865594693,0.530120134405307
2022-12-10,2022020440,"New York Islanders","Carolina Hurricanes",0.493338320125427,0.506661679874573
2022-12-10,2022020441,"Vancouver Canucks","Minnesota Wild",0.497742456864875,0.502257543135125
2022-12-11,2022020442,"St. Louis Blues","Colorado Avalanche",0.394430971111225,0.605569028888775
2022-12-11,2022020443,"Columbus Blue Jackets","Los Angeles Kings",0.43789378569507,0.56210621430493
2022-12-11,2022020444,"Florida Panthers","Seattle Kraken",0.673653842545377,0.326346157454623
2022-12-11,2022020445,"Arizona Coyotes","Philadelphia Flyers",0.5522351770541,0.4477648229459
2022-12-11,2022020446,"Winnipeg Jets","Washington Capitals",0.588227462997315,0.411772537002685
2022-12-11,2022020447,"Vegas Golden Knights","Boston Bruins",0.429690809245577,0.570309190754422
2022-12-12,2022020448,"Montreal Canadiens","Calgary Flames",0.339690850788679,0.660309149211321
2022-12-12,2022020449,"Pittsburgh Penguins","Dallas Stars",0.590162614439281,0.409837385560719
2022-12-12,2022020450,"New York Rangers","New Jersey Devils",0.589212369002261,0.410787630997739
2022-12-12,2022020451,"Ottawa Senators","Anaheim Ducks",0.69508832264483,0.30491167735517
2022-12-12,2022020452,"Minnesota Wild","Edmonton Oilers",0.519790512393167,0.480209487606833
2022-12-12,2022020453,"St. Louis Blues","Nashville Predators",0.591854188908141,0.408145811091859
2022-12-13,2022020454,"Toronto Maple Leafs","Anaheim Ducks",0.849529799870628,0.150470200129372
2022-12-13,2022020455,"Florida Panthers","Columbus Blue Jackets",0.743575878109915,0.256424121890085
2022-12-13,2022020456,"New Jersey Devils","Dallas Stars",0.521012510505483,0.478987489494517
2022-12-13,2022020457,"Buffalo Sabres","Los Angeles Kings",0.54990245507201,0.45009754492799
2022-12-13,2022020458,"Boston Bruins","New York Islanders",0.694907872593291,0.305092127406709
2022-12-13,2022020459,"Tampa Bay Lightning","Seattle Kraken",0.69912044843306,0.30087955156694
2022-12-13,2022020460,"Detroit Red Wings","Carolina Hurricanes",0.323039475961335,0.676960524038665
2022-12-13,2022020461,"Nashville Predators","Edmonton Oilers",0.43073753253333,0.56926246746667
2022-12-13,2022020462,"Winnipeg Jets","Vegas Golden Knights",0.535006932268366,0.464993067731634
2022-12-13,2022020463,"Chicago Blackhawks","Washington Capitals",0.323256808132779,0.676743191867221
2022-12-13,2022020464,"Colorado Avalanche","Philadelphia Flyers",0.815059467379491,0.184940532620509
2022-12-13,2022020465,"San Jose Sharks","Arizona Coyotes",0.580644489431733,0.419355510568267
2022-12-14,2022020466,"Ottawa Senators","Montreal Canadiens",0.610979798404704,0.389020201595296
2022-12-14,2022020467,"Minnesota Wild","Detroit Red Wings",0.698207950923061,0.301792049076939
2022-12-14,2022020468,"Calgary Flames","Vancouver Canucks",0.646225831057263,0.353774168942737
2022-12-15,2022020469,"Montreal Canadiens","Anaheim Ducks",0.669772053956538,0.330227946043462
2022-12-15,2022020470,"Tampa Bay Lightning","Columbus Blue Jackets",0.797869838599648,0.202130161400352
2022-12-15,2022020471,"Washington Capitals","Dallas Stars",0.53309934433864,0.46690065566136
2022-12-15,2022020472,"Boston Bruins","Los Angeles Kings",0.778308951283744,0.221691048716256
2022-12-15,2022020473,"New Jersey Devils","Philadelphia Flyers",0.72505250007388,0.27494749992612
2022-12-15,2022020474,"Florida Panthers","Pittsburgh Penguins",0.512442457828105,0.487557542171895
2022-12-15,2022020475,"Carolina Hurricanes","Seattle Kraken",0.700773838869494,0.299226161130506
2022-12-15,2022020476,"New York Rangers","Toronto Maple Leafs",0.468330813931952,0.531669186068048
2022-12-15,2022020477,"Winnipeg Jets","Nashville Predators",0.655896953938354,0.344103046061646
2022-12-15,2022020478,"Chicago Blackhawks","Vegas Golden Knights",0.287768594942534,0.712231405057466
2022-12-15,2022020479,"Colorado Avalanche","Buffalo Sabres",0.709098836771862,0.290901163228138
2022-12-15,2022020480,"Edmonton Oilers","St. Louis Blues",0.619479557296234,0.380520442703766
2022-12-16,2022020481,"Minnesota Wild","Chicago Blackhawks",0.770684789515843,0.229315210484157
2022-12-16,2022020482,"Calgary Flames","St. Louis Blues",0.609067158831863,0.390932841168137
2022-12-16,2022020483,"Arizona Coyotes","New York Islanders",0.343193971897351,0.656806028102649
2022-12-17,2022020484,"Boston Bruins","Columbus Blue Jackets",0.833724307378809,0.166275692621191
2022-12-17,2022020485,"Detroit Red Wings","Ottawa Senators",0.475566313455693,0.524433686544307
2022-12-17,2022020486,"Edmonton Oilers","Anaheim Ducks",0.808075005049647,0.191924994950353
2022-12-17,2022020487,"Carolina Hurricanes","Dallas Stars",0.590489108186242,0.409510891813758
2022-12-17,2022020488,"New Jersey Devils","Florida Panthers",0.488982621287041,0.511017378712959
2022-12-17,2022020489,"Philadelphia Flyers","New York Rangers",0.306258710197122,0.693741289802878
2022-12-17,2022020490,"Montreal Canadiens","Tampa Bay Lightning",0.279270696154695,0.720729303845305
2022-12-17,2022020491,"Washington Capitals","Toronto Maple Leafs",0.437738299634633,0.562261700365367
2022-12-17,2022020492,"Arizona Coyotes","Buffalo Sabres",0.389495426929322,0.610504573070678
2022-12-17,2022020493,"Colorado Avalanche","Nashville Predators",0.726537503558278,0.273462496441722
2022-12-17,2022020494,"Vegas Golden Knights","New York Islanders",0.591773056154001,0.408226943845999
2022-12-17,2022020495,"Vancouver Canucks","Winnipeg Jets",0.46736242650196,0.53263757349804
2022-12-17,2022020496,"Los Angeles Kings","San Jose Sharks",0.619578101614503,0.380421898385497
2022-12-18,2022020497,"Minnesota Wild","Ottawa Senators",0.637215362998387,0.362784637001613
2022-12-18,2022020498,"Carolina Hurricanes","Pittsburgh Penguins",0.545653344951474,0.454346655048526
2022-12-18,2022020499,"Chicago Blackhawks","New York Rangers",0.258173850546308,0.741826149453692
2022-12-18,2022020500,"Seattle Kraken","Winnipeg Jets",0.42649724670633,0.57350275329367
2022-12-18,2022020501,"San Jose Sharks","Calgary Flames",0.356765725002437,0.643234274997563
2022-12-19,2022020502,"Columbus Blue Jackets","Dallas Stars",0.32154667138828,0.67845332861172
2022-12-19,2022020503,"Washington Capitals","Detroit Red Wings",0.717423952962288,0.282576047037712
2022-12-19,2022020504,"Boston Bruins","Florida Panthers",0.660041020095903,0.339958979904097
2022-12-19,2022020505,"Nashville Predators","Edmonton Oilers",0.418286196742852,0.581713803257148
2022-12-19,2022020506,"Colorado Avalanche","New York Islanders",0.634567963625613,0.365432036374387
2022-12-19,2022020507,"Vegas Golden Knights","Buffalo Sabres",0.613378383242176,0.386621616757824
2022-12-19,2022020508,"Arizona Coyotes","Montreal Canadiens",0.516966175418453,0.483033824581547
2022-12-19,2022020509,"Vancouver Canucks","St. Louis Blues",0.488658380190783,0.511341619809217
2022-12-20,2022020510,"Philadelphia Flyers","Columbus Blue Jackets",0.523574028571017,0.476425971428983
2022-12-20,2022020511,"Pittsburgh Penguins","New York Rangers",0.547035954910272,0.452964045089728
2022-12-20,2022020512,"Carolina Hurricanes","New Jersey Devils",0.649170235155381,0.350829764844619
2022-12-20,2022020513,"Toronto Maple Leafs","Tampa Bay Lightning",0.535882233425361,0.464117766574639
2022-12-20,2022020514,"Winnipeg Jets","Ottawa Senators",0.647653638621395,0.352346361378605
2022-12-20,2022020515,"Seattle Kraken","St. Louis Blues",0.469756314076914,0.530243685923086
2022-12-20,2022020516,"Los Angeles Kings","Anaheim Ducks",0.702411195558715,0.297588804441285
2022-12-20,2022020517,"San Jose Sharks","Calgary Flames",0.342469011213709,0.65753098878629
2022-12-21,2022020518,"Florida Panthers","New Jersey Devils",0.608182111700452,0.391817888299548
2022-12-21,2022020519,"Detroit Red Wings","Tampa Bay Lightning",0.279614596040903,0.720385403959097
2022-12-21,2022020520,"Colorado Avalanche","Montreal Canadiens",0.793189895082499,0.206810104917501
2022-12-21,2022020521,"Chicago Blackhawks","Nashville Predators",0.379590421085479,0.620409578914521
2022-12-21,2022020522,"Dallas Stars","Edmonton Oilers",0.56161269579017,0.43838730420983
2022-12-21,2022020523,"Vegas Golden Knights","Arizona Coyotes",0.754372215568189,0.24562778443181
2022-12-21,2022020524,"Anaheim Ducks","Minnesota Wild",0.263888405195856,0.736111594804144
2022-12-22,2022020525,"Toronto Maple Leafs","Philadelphia Flyers",0.806900854839089,0.193099145160911
2022-12-22,2022020526,"Pittsburgh Penguins","Carolina Hurricanes",0.529648350862667,0.470351649137333
2022-12-22,2022020527,"New York Rangers","New York Islanders",0.602572788603854,0.397427211396146
2022-12-22,2022020528,"Ottawa Senators","Washington Capitals",0.424095617371044,0.575904382628956
2022-12-22,2022020529,"Boston Bruins","Winnipeg Jets",0.665324574108889,0.334675425891111
2022-12-22,2022020530,"Vancouver Canucks","Seattle Kraken",0.524309687140212,0.475690312859789
2022-12-22,2022020531,"Los Angeles Kings","Calgary Flames",0.422031476063629,0.577968523936371
2022-12-22,2022020532,"San Jose Sharks","Minnesota Wild",0.33164387868633,0.66835612131367
2022-12-23,2022020533,"New Jersey Devils","Boston Bruins",0.35132519091556,0.64867480908444
2022-12-23,2022020535,"Carolina Hurricanes","Philadelphia Flyers",0.788630813095053,0.211369186904947
2022-12-23,2022020537,"Washington Capitals","Winnipeg Jets",0.530089078486827,0.469910921513173
2022-12-23,2022020538,"New York Islanders","Florida Panthers",0.523051224962868,0.476948775037132
2022-12-23,2022020539,"Nashville Predators","Colorado Avalanche",0.349878852450206,0.650121147549794
2022-12-23,2022020540,"Chicago Blackhawks","Columbus Blue Jackets",0.468901324757401,0.531098675242599
2022-12-23,2022020541,"Dallas Stars","Montreal Canadiens",0.726486785322766,0.273513214677234
2022-12-23,2022020542,"Edmonton Oilers","Vancouver Canucks",0.648669949708641,0.351330050291359
2022-12-23,2022020543,"Arizona Coyotes","Los Angeles Kings",0.407681784057813,0.592318215942187
2022-12-23,2022020544,"Anaheim Ducks","Calgary Flames",0.254018254398903,0.745981745601097
2022-12-23,2022020545,"Vegas Golden Knights","St. Louis Blues",0.594487431509615,0.405512568490385
2022-12-27,2022020546,"Ottawa Senators","Boston Bruins",0.290027243254965,0.709972756745035
2022-12-27,2022020547,"Columbus Blue Jackets","Buffalo Sabres",0.367274970215966,0.632725029784034
2022-12-27,2022020548,"Carolina Hurricanes","Chicago Blackhawks",0.82754167423929,0.17245832576071
2022-12-27,2022020549,"New York Rangers","Washington Capitals",0.586497426728334,0.413502573271666
2022-12-27,2022020550,"New York Islanders","Pittsburgh Penguins",0.481820594784603,0.518179405215397
2022-12-27,2022020551,"Nashville Predators","Dallas Stars",0.43111201960959,0.56888798039041
2022-12-27,2022020552,"Winnipeg Jets","Minnesota Wild",0.558538830431305,0.441461169568695
2022-12-27,2022020553,"St. Louis Blues","Toronto Maple Leafs",0.406787432426326,0.593212567573674
2022-12-27,2022020554,"Arizona Coyotes","Colorado Avalanche",0.246111153407,0.753888846593
2022-12-27,2022020555,"Calgary Flames","Edmonton Oilers",0.561087973640754,0.438912026359246
2022-12-27,2022020556,"Vancouver Canucks","San Jose Sharks",0.647877923830768,0.352122076169232
2022-12-27,2022020557,"Los Angeles Kings","Vegas Golden Knights",0.426821182998559,0.573178817001441
2022-12-28,2022020558,"New Jersey Devils","Boston Bruins",0.352504368154626,0.647495631845374
2022-12-28,2022020559,"Tampa Bay Lightning","Montreal Canadiens",0.782937935308376,0.217062064691624
2022-12-28,2022020560,"Pittsburgh Penguins","Detroit Red Wings",0.755953738885804,0.244046261114196
2022-12-28,2022020561,"Seattle Kraken","Calgary Flames",0.446271734178672,0.553728265821328
2022-12-28,2022020562,"Anaheim Ducks","Vegas Golden Knights",0.254999255691831,0.745000744308169
2022-12-29,2022020563,"Buffalo Sabres","Detroit Red Wings",0.662069412795476,0.337930587204524
2022-12-29,2022020564,"Florida Panthers","Montreal Canadiens",0.727152807319395,0.272847192680605
2022-12-29,2022020565,"Tampa Bay Lightning","New York Rangers",0.560388504568358,0.439611495431642
2022-12-29,2022020566,"Washington Capitals","Ottawa Senators",0.668988148417413,0.331011851582587
2022-12-29,2022020567,"New York Islanders","Columbus Blue Jackets",0.744633240338122,0.255366759661878
2022-12-29,2022020568,"St. Louis Blues","Chicago Blackhawks",0.760605200461843,0.239394799538157
2022-12-29,2022020569,"Minnesota Wild","Dallas Stars",0.53580864837872,0.46419135162128
2022-12-29,2022020570,"Winnipeg Jets","Vancouver Canucks",0.638997827605318,0.361002172394682
2022-12-29,2022020571,"Colorado Avalanche","Los Angeles Kings",0.722637445006282,0.277362554993718
2022-12-29,2022020572,"Arizona Coyotes","Toronto Maple Leafs",0.240290632590744,0.759709367409256
2022-12-29,2022020573,"San Jose Sharks","Philadelphia Flyers",0.565027861238871,0.434972138761129
2022-12-30,2022020574,"Anaheim Ducks","Nashville Predators",0.365738021133784,0.634261978866216
2022-12-30,2022020575,"Carolina Hurricanes","Florida Panthers",0.628053358917359,0.371946641082641
2022-12-30,2022020576,"Pittsburgh Penguins","New Jersey Devils",0.647085472316805,0.352914527683195
2022-12-30,2022020577,"Seattle Kraken","Edmonton Oilers",0.458433546781294,0.541566453218706
2022-12-31,2022020578,"Boston Bruins","Buffalo Sabres",0.737089058927376,0.262910941072624
2022-12-31,2022020579,"Vegas Golden Knights","Nashville Predators",0.66278998384238,0.33721001615762
2022-12-31,2022020580,"Washington Capitals","Montreal Canadiens",0.738712303524825,0.261287696475175
2022-12-31,2022020581,"Los Angeles Kings","Philadelphia Flyers",0.646527263037105,0.353472736962895
2022-12-31,2022020582,"Tampa Bay Lightning","Arizona Coyotes",0.802647626130033,0.197352373869967
2022-12-31,2022020583,"Columbus Blue Jackets","Chicago Blackhawks",0.596772423728662,0.403227576271338
2022-12-31,2022020584,"Detroit Red Wings","Ottawa Senators",0.490237095233787,0.509762904766213
2022-12-31,2022020585,"Colorado Avalanche","Toronto Maple Leafs",0.540742706408144,0.459257293591856
2022-12-31,2022020586,"Dallas Stars","San Jose Sharks",0.724340632754963,0.275659367245037
2022-12-31,2022020587,"Calgary Flames","Vancouver Canucks",0.640802238283309,0.359197761716691
2022-12-31,2022020588,"Edmonton Oilers","Winnipeg Jets",0.53042433284534,0.46957566715466
2022-12-31,2022020589,"St. Louis Blues","Minnesota Wild",0.508792752842349,0.491207247157651
2023-01-01,2022020590,"New Jersey Devils","Carolina Hurricanes",0.418456354394882,0.581543645605118
2023-01-01,2022020591,"Florida Panthers","New York Rangers",0.499053741347659,0.500946258652341
2023-01-01,2022020592,"Ottawa Senators","Buffalo Sabres",0.476962959022081,0.523037040977919
2023-01-01,2022020593,"Chicago Blackhawks","San Jose Sharks",0.458993694101059,0.541006305898941
2023-01-01,2022020594,"Seattle Kraken","New York Islanders",0.427934484301379,0.572065515698621
2023-01-02,2022020595,"Boston Bruins","Pittsburgh Penguins",0.653149942918903,0.346850057081097
2023-01-02,2022020596,"Colorado Avalanche","Vegas Golden Knights",0.603360796265612,0.396639203734388
2023-01-02,2022020597,"Anaheim Ducks","Philadelphia Flyers",0.439340309832836,0.560659690167164
2023-01-03,2022020598,"Florida Panthers","Arizona Coyotes",0.724380196528378,0.275619803471622
2023-01-03,2022020599,"Washington Capitals","Buffalo Sabres",0.634284246408341,0.365715753591658
2023-01-03,2022020600,"New York Rangers","Carolina Hurricanes",0.501388112087919,0.498611887912081
2023-01-03,2022020601,"Ottawa Senators","Columbus Blue Jackets",0.656897135141086,0.343102864858913
2023-01-03,2022020602,"Toronto Maple Leafs","St. Louis Blues",0.68566429821958,0.31433570178042
2023-01-03,2022020603,"Winnipeg Jets","Calgary Flames",0.540160052800436,0.459839947199564
2023-01-03,2022020604,"Nashville Predators","Montreal Canadiens",0.668982578544321,0.331017421455679
2023-01-03,2022020605,"Chicago Blackhawks","Tampa Bay Lightning",0.201821852743108,0.798178147256892
2023-01-03,2022020606,"Edmonton Oilers","Seattle Kraken",0.650105701516945,0.349894298483055
2023-01-03,2022020607,"Vancouver Canucks","New York Islanders",0.46364345219076,0.53635654780924
2023-01-03,2022020608,"Los Angeles Kings","Dallas Stars",0.423631179272648,0.576368820727352
2023-01-04,2022020609,"Detroit Red Wings","New Jersey Devils",0.420866232403977,0.579133767596023
2023-01-04,2022020610,"Minnesota Wild","Tampa Bay Lightning",0.465214691823096,0.534785308176904
2023-01-04,2022020611,"Anaheim Ducks","Dallas Stars",0.240553212875911,0.759446787124089
2023-01-05,2022020612,"Philadelphia Flyers","Arizona Coyotes",0.557755312823105,0.442244687176895
2023-01-05,2022020613,"Montreal Canadiens","New York Rangers",0.270697734477656,0.729302265522344
2023-01-05,2022020614,"Carolina Hurricanes","Nashville Predators",0.706102946977123,0.293897053022877
2023-01-05,2022020615,"Toronto Maple Leafs","Seattle Kraken",0.704957609622028,0.295042390377972
2023-01-05,2022020616,"New Jersey Devils","St. Louis Blues",0.561067517642723,0.438932482357277
2023-01-05,2022020617,"Columbus Blue Jackets","Washington Capitals",0.287263165921839,0.712736834078161
2023-01-05,2022020618,"Edmonton Oilers","New York Islanders",0.532858070617897,0.467141929382103
2023-01-05,2022020619,"Vancouver Canucks","Colorado Avalanche",0.394681417244774,0.605318582755226
2023-01-05,2022020620,"Vegas Golden Knights","Pittsburgh Penguins",0.518005435363441,0.481994564636559
2023-01-05,2022020621,"Los Angeles Kings","Boston Bruins",0.313938400493052,0.686061599506948
2023-01-06,2022020622,"Washington Capitals","Nashville Predators",0.661547362794749,0.338452637205251
2023-01-06,2022020623,"Detroit Red Wings","Florida Panthers",0.373033333932057,0.626966666067943
2023-01-06,2022020624,"Winnipeg Jets","Tampa Bay Lightning",0.486226005964495,0.513773994035505
2023-01-06,2022020625,"Chicago Blackhawks","Arizona Coyotes",0.445049635161514,0.554950364838486
2023-01-06,2022020626,"Calgary Flames","New York Islanders",0.548330365294217,0.451669634705783
2023-01-06,2022020627,"Anaheim Ducks","San Jose Sharks",0.440025886907291,0.559974113092709
2023-01-07,2022020628,"New Jersey Devils","New York Rangers",0.452308824093962,0.547691175906038
2023-01-07,2022020629,"Columbus Blue Jackets","Carolina Hurricanes",0.249373958631113,0.750626041368887
2023-01-07,2022020630,"Toronto Maple Leafs","Detroit Red Wings",0.766506433137766,0.233493566862234
2023-01-07,2022020631,"Buffalo Sabres","Minnesota Wild",0.476480668649954,0.523519331350046
2023-01-07,2022020632,"Ottawa Senators","Seattle Kraken",0.515676261962849,0.484323738037151
2023-01-07,2022020633,"Montreal Canadiens","St. Louis Blues",0.334641785090698,0.665358214909302
2023-01-07,2022020634,"Edmonton Oilers","Colorado Avalanche",0.500621254038826,0.499378745961174
2023-01-07,2022020635,"Vegas Golden Knights","Los Angeles Kings",0.653315541191986,0.346684458808014
2023-01-07,2022020636,"San Jose Sharks","Boston Bruins",0.223005286579681,0.776994713420319
2023-01-08,2022020637,"Dallas Stars","Florida Panthers",0.563362611472839,0.436637388527161
2023-01-08,2022020638,"Winnipeg Jets","Vancouver Canucks",0.643117276202747,0.356882723797254
2023-01-08,2022020639,"Washington Capitals","Columbus Blue Jackets",0.782590369059144,0.217409630940855
2023-01-08,2022020640,"Chicago Blackhawks","Calgary Flames",0.249489431069797,0.750510568930203
2023-01-08,2022020641,"Arizona Coyotes","Pittsburgh Penguins",0.30689710771458,0.69310289228542
2023-01-08,2022020642,"Minnesota Wild","St. Louis Blues",0.601570641688379,0.398429358311621
2023-01-08,2022020643,"Philadelphia Flyers","Toronto Maple Leafs",0.301272016188316,0.698727983811684
2023-01-08,2022020644,"Anaheim Ducks","Boston Bruins",0.165266121895076,0.834733878104924
2023-01-09,2022020645,"Ottawa Senators","Nashville Predators",0.515266442734955,0.484733557265045
2023-01-09,2022020646,"Montreal Canadiens","Seattle Kraken",0.354267448764079,0.645732551235921
2023-01-09,2022020647,"Los Angeles Kings","Edmonton Oilers",0.451869049794539,0.548130950205461
2023-01-09,2022020990,"Buffalo Sabres","Philadelphia Flyers",0.682292485231616,0.317707514768384
2023-01-10,2022020648,"Tampa Bay Lightning","Columbus Blue Jackets",0.798039349936885,0.201960650063116
2023-01-10,2022020649,"New York Rangers","Minnesota Wild",0.589378923226308,0.410621076773692
2023-01-10,2022020650,"Carolina Hurricanes","New Jersey Devils",0.640784993838256,0.359215006161744
2023-01-10,2022020651,"Buffalo Sabres","Seattle Kraken",0.52070262607073,0.47929737392927
2023-01-10,2022020652,"Pittsburgh Penguins","Vancouver Canucks",0.659603311109798,0.340396688890202
2023-01-10,2022020653,"New York Islanders","Dallas Stars",0.518157505922616,0.481842494077384
2023-01-10,2022020654,"Detroit Red Wings","Winnipeg Jets",0.340380540014923,0.659619459985077
2023-01-10,2022020655,"St. Louis Blues","Calgary Flames",0.498135621452491,0.501864378547509
2023-01-10,2022020656,"Colorado Avalanche","Florida Panthers",0.613685137920446,0.386314862079554
2023-01-10,2022020657,"Arizona Coyotes","San Jose Sharks",0.517042448082654,0.482957551917346
2023-01-11,2022020658,"Toronto Maple Leafs","Nashville Predators",0.682215443047287,0.317784556952713
2023-01-11,2022020659,"Philadelphia Flyers","Washington Capitals",0.340733276414251,0.659266723585749
2023-01-11,2022020660,"Anaheim Ducks","Edmonton Oilers",0.251720752406249,0.748279247593751
2023-01-11,2022020661,"Los Angeles Kings","San Jose Sharks",0.658843369267642,0.341156630732358
2023-01-12,2022020662,"Columbus Blue Jackets","Carolina Hurricanes",0.263003337091274,0.736996662908726
2023-01-12,2022020663,"New York Rangers","Dallas Stars",0.570543320991697,0.429456679008303
2023-01-12,2022020664,"Montreal Canadiens","Nashville Predators",0.36344207204402,0.63655792795598
2023-01-12,2022020665,"Boston Bruins","Seattle Kraken",0.723575190703549,0.276424809296451
2023-01-12,2022020666,"Detroit Red Wings","Toronto Maple Leafs",0.292268925568769,0.707731074431231
2023-01-12,2022020667,"Tampa Bay Lightning","Vancouver Canucks",0.694649597056995,0.305350402943005
2023-01-12,2022020668,"Buffalo Sabres","Winnipeg Jets",0.464436121682124,0.535563878317876
2023-01-12,2022020669,"New York Islanders","Minnesota Wild",0.532377599423396,0.467622400576604
2023-01-12,2022020670,"St. Louis Blues","Calgary Flames",0.503024111460129,0.496975888539871
2023-01-12,2022020671,"Chicago Blackhawks","Colorado Avalanche",0.230531418296029,0.769468581703971
2023-01-12,2022020672,"Arizona Coyotes","Ottawa Senators",0.423095639551649,0.576904360448351
2023-01-12,2022020673,"Vegas Golden Knights","Florida Panthers",0.556071684013357,0.443928315986643
2023-01-13,2022020674,"Pittsburgh Penguins","Winnipeg Jets",0.555940533802381,0.444059466197619
2023-01-13,2022020675,"Anaheim Ducks","New Jersey Devils",0.272992158721028,0.727007841278972
2023-01-13,2022020676,"San Jose Sharks","Edmonton Oilers",0.345112637836877,0.654887362163123
2023-01-14,2022020677,"Dallas Stars","Calgary Flames",0.559084059438934,0.440915940561066
2023-01-14,2022020678,"Detroit Red Wings","Columbus Blue Jackets",0.605431665095015,0.394568334904985
2023-01-14,2022020679,"New York Islanders","Montreal Canadiens",0.752459671261913,0.247540328738087
2023-01-14,2022020680,"Colorado Avalanche","Ottawa Senators",0.692272745034664,0.307727254965336
2023-01-14,2022020681,"Washington Capitals","Philadelphia Flyers",0.728474965426698,0.271525034573302
2023-01-14,2022020682,"Carolina Hurricanes","Pittsburgh Penguins",0.575222088192804,0.424777911807196
2023-01-14,2022020683,"Boston Bruins","Toronto Maple Leafs",0.620320695379733,0.379679304620267
2023-01-14,2022020684,"Florida Panthers","Vancouver Canucks",0.621656402556976,0.378343597443024
2023-01-14,2022020685,"Minnesota Wild","Arizona Coyotes",0.755462356632385,0.244537643367615
2023-01-14,2022020686,"Nashville Predators","Buffalo Sabres",0.536491098839897,0.463508901160103
2023-01-14,2022020687,"Chicago Blackhawks","Seattle Kraken",0.292244864446029,0.707755135553971
2023-01-14,2022020688,"St. Louis Blues","Tampa Bay Lightning",0.441307174580008,0.558692825419992
2023-01-14,2022020689,"Vegas Golden Knights","Edmonton Oilers",0.54705233318568,0.45294766681432
2023-01-14,2022020690,"Los Angeles Kings","New Jersey Devils",0.489920432172998,0.510079567827001
2023-01-15,2022020691,"New York Rangers","Montreal Canadiens",0.79238440618822,0.20761559381178
2023-01-15,2022020692,"Carolina Hurricanes","Vancouver Canucks",0.692468047324079,0.307531952675921
2023-01-15,2022020693,"Winnipeg Jets","Arizona Coyotes",0.773215916374358,0.226784083625642
2023-01-16,2022020694,"Buffalo Sabres","Florida Panthers",0.489772373844918,0.510227626155082
2023-01-16,2022020695,"Boston Bruins","Philadelphia Flyers",0.793281058485307,0.206718941514693
2023-01-16,2022020696,"Colorado Avalanche","Detroit Red Wings",0.739552260582088,0.260447739417912
2023-01-16,2022020697,"San Jose Sharks","New Jersey Devils",0.33169283983344,0.66830716016656
2023-01-16,2022020698,"Seattle Kraken","Tampa Bay Lightning",0.448294594687434,0.551705405312566
2023-01-16,2022020699,"Vegas Golden Knights","Dallas Stars",0.520810163666318,0.479189836333682
2023-01-16,2022020700,"Pittsburgh Penguins","Anaheim Ducks",0.818659210883857,0.181340789116143
2023-01-16,2022020701,"Columbus Blue Jackets","New York Rangers",0.265677231487986,0.734322768512014
2023-01-16,2022020702,"New York Islanders","Washington Capitals",0.503734692094152,0.496265307905847
2023-01-16,2022020703,"Nashville Predators","Calgary Flames",0.438369153272834,0.561630846727166
2023-01-16,2022020704,"St. Louis Blues","Ottawa Senators",0.624229074615592,0.375770925384408
2023-01-17,2022020338,"Nashville Predators","Columbus Blue Jackets",0.690429301674488,0.309570698325512
2023-01-17,2022020705,"Philadelphia Flyers","Anaheim Ducks",0.676649524820193,0.323350475179807
2023-01-17,2022020706,"Toronto Maple Leafs","Florida Panthers",0.615287992332543,0.384712007667457
2023-01-17,2022020707,"Washington Capitals","Minnesota Wild",0.548456948797109,0.451543051202891
2023-01-17,2022020708,"Montreal Canadiens","Winnipeg Jets",0.283689218244571,0.716310781755429
2023-01-17,2022020709,"Chicago Blackhawks","Buffalo Sabres",0.317788426691305,0.682211573308695
2023-01-17,2022020710,"Arizona Coyotes","Detroit Red Wings",0.461253527209384,0.538746472790615
2023-01-17,2022020711,"Edmonton Oilers","Seattle Kraken",0.578695113790325,0.421304886209675
2023-01-18,2022020712,"Ottawa Senators","Pittsburgh Penguins",0.393954684096173,0.606045315903827
2023-01-18,2022020713,"New York Islanders","Boston Bruins",0.366113467466124,0.633886532533876
2023-01-18,2022020714,"Calgary Flames","Colorado Avalanche",0.494281556389956,0.505718443610044
2023-01-18,2022020715,"Vancouver Canucks","Tampa Bay Lightning",0.369152297833378,0.630847702166622
2023-01-18,2022020716,"San Jose Sharks","Dallas Stars",0.302594851228918,0.697405148771082
2023-01-19,2022020717,"Columbus Blue Jackets","Anaheim Ducks",0.617541609403819,0.382458390596181
2023-01-19,2022020718,"New York Rangers","Boston Bruins",0.422595875417481,0.577404124582519
2023-01-19,2022020719,"Philadelphia Flyers","Chicago Blackhawks",0.650137617673765,0.349862382326235
2023-01-19,2022020720,"Montreal Canadiens","Florida Panthers",0.32148386593688,0.67851613406312
2023-01-19,2022020721,"Carolina Hurricanes","Minnesota Wild",0.585620072569213,0.414379927430787
2023-01-19,2022020722,"Buffalo Sabres","New York Islanders",0.486191514155481,0.513808485844519
2023-01-19,2022020723,"Toronto Maple Leafs","Winnipeg Jets",0.590253606002303,0.409746393997697
2023-01-19,2022020724,"St. Louis Blues","Nashville Predators",0.571333821950772,0.428666178049228
2023-01-19,2022020725,"Edmonton Oilers","Tampa Bay Lightning",0.473388601755175,0.526611398244825
2023-01-19,2022020726,"Arizona Coyotes","Washington Capitals",0.295117628980723,0.704882371019277
2023-01-19,2022020727,"Vegas Golden Knights","Detroit Red Wings",0.689043317156855,0.310956682843145
2023-01-19,2022020728,"Seattle Kraken","New Jersey Devils",0.511028788125519,0.488971211874481
2023-01-19,2022020729,"Los Angeles Kings","Dallas Stars",0.434236773192979,0.565763226807021
2023-01-20,2022020730,"Pittsburgh Penguins","Ottawa Senators",0.66324905724509,0.33675094275491
2023-01-20,2022020731,"Vancouver Canucks","Colorado Avalanche",0.368609530274244,0.631390469725756
2023-01-21,2022020732,"Buffalo Sabres","Anaheim Ducks",0.75937082572784,0.24062917427216
2023-01-21,2022020733,"Calgary Flames","Tampa Bay Lightning",0.46719632574477,0.53280367425523
2023-01-21,2022020734,"Florida Panthers","Minnesota Wild",0.523389448302495,0.476610551697505
2023-01-21,2022020735,"Detroit Red Wings","Philadelphia Flyers",0.541458069350494,0.458541930649506
2023-01-21,2022020736,"Columbus Blue Jackets","San Jose Sharks",0.489436682604644,0.510563317395356
2023-01-21,2022020737,"Montreal Canadiens","Toronto Maple Leafs",0.241926980758349,0.758073019241651
2023-01-21,2022020738,"Ottawa Senators","Winnipeg Jets",0.396592623707196,0.603407376292804
2023-01-21,2022020739,"New York Islanders","Carolina Hurricanes",0.439403029235811,0.560596970764189
2023-01-21,2022020740,"Dallas Stars","Arizona Coyotes",0.776019061609565,0.223980938390435
2023-01-21,2022020741,"St. Louis Blues","Chicago Blackhawks",0.750439850917742,0.249560149082258
2023-01-21,2022020742,"Nashville Predators","Los Angeles Kings",0.545846456095153,0.454153543904847
2023-01-21,2022020743,"Seattle Kraken","Colorado Avalanche",0.427189424944068,0.572810575055932
2023-01-21,2022020744,"Vancouver Canucks","Edmonton Oilers",0.3988985025156,0.6011014974844
2023-01-21,2022020745,"Vegas Golden Knights","Washington Capitals",0.496510173561756,0.503489826438244
2023-01-22,2022020746,"New Jersey Devils","Pittsburgh Penguins",0.510892541266574,0.489107458733426
2023-01-22,2022020747,"Chicago Blackhawks","Los Angeles Kings",0.379479008361349,0.620520991638651
2023-01-22,2022020748,"Boston Bruins","San Jose Sharks",0.846246510698197,0.153753489301803
2023-01-22,2022020749,"Philadelphia Flyers","Winnipeg Jets",0.35271507551234,0.64728492448766
2023-01-22,2022020750,"Arizona Coyotes","Vegas Golden Knights",0.297210053404522,0.702789946595478
2023-01-23,2022020751,"New York Rangers","Florida Panthers",0.584355787192497,0.415644212807503
2023-01-23,2022020752,"Toronto Maple Leafs","New York Islanders",0.63796601424048,0.36203398575952
2023-01-23,2022020753,"Dallas Stars","Buffalo Sabres",0.643888924186496,0.356111075813504
2023-01-23,2022020754,"Calgary Flames","Columbus Blue Jackets",0.76820092406663,0.23179907593337
2023-01-24,2022020755,"Montreal Canadiens","Boston Bruins",0.182210390981496,0.817789609018505
2023-01-24,2022020756,"Pittsburgh Penguins","Florida Panthers",0.558350753593344,0.441649246406656
2023-01-24,2022020757,"Philadelphia Flyers","Los Angeles Kings",0.461667412620314,0.538332587379686
2023-01-24,2022020758,"Tampa Bay Lightning","Minnesota Wild",0.605007444983106,0.394992555016895
2023-01-24,2022020759,"New Jersey Devils","Vegas Golden Knights",0.547832252949126,0.452167747050874
2023-01-24,2022020760,"Detroit Red Wings","San Jose Sharks",0.583245587433326,0.416754412566674
2023-01-24,2022020761,"St. Louis Blues","Buffalo Sabres",0.560135304345926,0.439864695654074
2023-01-24,2022020762,"Nashville Predators","Winnipeg Jets",0.441586188964953,0.558413811035047
2023-01-24,2022020763,"Arizona Coyotes","Anaheim Ducks",0.610651373594304,0.389348626405697
2023-01-24,2022020764,"Colorado Avalanche","Washington Capitals",0.604345898677019,0.395654101322981
2023-01-24,2022020765,"Vancouver Canucks","Chicago Blackhawks",0.686689962005594,0.313310037994406
2023-01-25,2022020766,"Ottawa Senators","New York Islanders",0.439731417141937,0.560268582858063
2023-01-25,2022020767,"Toronto Maple Leafs","New York Rangers",0.556027933086075,0.443972066913925
2023-01-25,2022020768,"Dallas Stars","Carolina Hurricanes",0.493855225022749,0.506144774977251
2023-01-25,2022020769,"Edmonton Oilers","Columbus Blue Jackets",0.784556199049826,0.215443800950174
2023-01-25,2022020770,"Seattle Kraken","Vancouver Canucks",0.605791742144886,0.394208257855114
2023-01-26,2022020771,"Tampa Bay Lightning","Boston Bruins",0.427964609924021,0.572035390075979
2023-01-26,2022020772,"Montreal Canadiens","Detroit Red Wings",0.479296939268073,0.520703060731927
2023-01-26,2022020773,"Washington Capitals","Pittsburgh Penguins",0.534568047735171,0.465431952264829
2023-01-26,2022020774,"Winnipeg Jets","Buffalo Sabres",0.613657324821636,0.386342675178364
2023-01-26,2022020775,"Nashville Predators","New Jersey Devils",0.471385472697687,0.528614527302313
2023-01-26,2022020776,"Colorado Avalanche","Anaheim Ducks",0.848223002977316,0.151776997022684
2023-01-26,2022020777,"Calgary Flames","Chicago Blackhawks",0.779793926211043,0.220206073788957
2023-01-26,2022020778,"Minnesota Wild","Philadelphia Flyers",0.698251536118446,0.301748463881554
2023-01-26,2022020779,"Arizona Coyotes","St. Louis Blues",0.331035782817071,0.668964217182929
2023-01-27,2022020780,"New York Islanders","Detroit Red Wings",0.64978580329466,0.35021419670534
2023-01-27,2022020781,"Florida Panthers","Los Angeles Kings",0.62416271014046,0.37583728985954
2023-01-27,2022020782,"Toronto Maple Leafs","Ottawa Senators",0.737320390331656,0.262679609668344
2023-01-27,2022020783,"Carolina Hurricanes","San Jose Sharks",0.79599899731551,0.204001002684489
2023-01-27,2022020784,"New York Rangers","Vegas Golden Knights",0.611833091342781,0.388166908657219
2023-01-27,2022020785,"Dallas Stars","New Jersey Devils",0.582019834654945,0.417980165345055
2023-01-27,2022020786,"Seattle Kraken","Calgary Flames",0.519903721194417,0.480096278805583
2023-01-27,2022020787,"Vancouver Canucks","Columbus Blue Jackets",0.657717499971785,0.342282500028215
2023-01-28,2022020788,"Colorado Avalanche","St. Louis Blues",0.665007912826623,0.334992087173377
2023-01-28,2022020789,"Florida Panthers","Boston Bruins",0.3416333728095,0.6583666271905
2023-01-28,2022020790,"Tampa Bay Lightning","Los Angeles Kings",0.694436580229084,0.305563419770916
2023-01-28,2022020791,"Ottawa Senators","Montreal Canadiens",0.639042941786697,0.360957058213303
2023-01-28,2022020792,"Winnipeg Jets","Philadelphia Flyers",0.708923768559069,0.291076231440931
2023-01-28,2022020793,"Pittsburgh Penguins","San Jose Sharks",0.74514729207465,0.25485270792535
2023-01-28,2022020794,"New York Islanders","Vegas Golden Knights",0.522449456504866,0.477550543495134
2023-01-28,2022020795,"Minnesota Wild","Buffalo Sabres",0.586925150296998,0.413074849703002
2023-01-28,2022020796,"Anaheim Ducks","Arizona Coyotes",0.481309775669119,0.518690224330881
2023-01-28,2022020797,"Edmonton Oilers","Chicago Blackhawks",0.779787275886158,0.220212724113842
2023-01-28,2022020798,"Seattle Kraken","Columbus Blue Jackets",0.733025171102259,0.266974828897741
2023-01-29,2022020799,"Carolina Hurricanes","Boston Bruins",0.440017487043709,0.559982512956291
2023-01-29,2022020800,"Toronto Maple Leafs","Washington Capitals",0.588624775682322,0.411375224317678
2023-01-30,2022020801,"Winnipeg Jets","St. Louis Blues",0.604362936953358,0.395637063046642
2023-01-31,2022020802,"Carolina Hurricanes","Los Angeles Kings",0.710432415515543,0.289567584484457
2023-01-31,2022020803,"Montreal Canadiens","Ottawa Senators",0.410055280419693,0.589944719580307
2023-01-31,2022020804,"Columbus Blue Jackets","Washington Capitals",0.303850481503459,0.696149518496541
2023-02-01,2022020805,"Buffalo Sabres","Carolina Hurricanes",0.39327129310557,0.60672870689443
2023-02-01,2022020806,"Toronto Maple Leafs","Boston Bruins",0.447161891577761,0.552838108422239
2023-02-06,2022020807,"Philadelphia Flyers","New York Islanders",0.423184782629545,0.576815217370455
2023-02-06,2022020808,"Florida Panthers","Tampa Bay Lightning",0.443788520547214,0.556211479452786
2023-02-06,2022020809,"New York Rangers","Calgary Flames",0.595255815846298,0.404744184153702
2023-02-06,2022020810,"New Jersey Devils","Vancouver Canucks",0.638723986695069,0.361276013304931
2023-02-06,2022020811,"Dallas Stars","Anaheim Ducks",0.805690073434694,0.194309926565306
2023-02-06,2022020812,"Arizona Coyotes","Minnesota Wild",0.30695290359694,0.69304709640306
2023-02-07,2022020813,"Pittsburgh Penguins","Colorado Avalanche",0.472497639722603,0.527502360277397
2023-02-07,2022020814,"Tampa Bay Lightning","San Jose Sharks",0.779111703274041,0.220888296725959
2023-02-07,2022020815,"Detroit Red Wings","Edmonton Oilers",0.338197630141279,0.661802369858721
2023-02-07,2022020816,"New York Islanders","Seattle Kraken",0.531012411286043,0.468987588713957
2023-02-07,2022020817,"Nashville Predators","Vegas Golden Knights",0.504830988202943,0.495169011797057
2023-02-07,2022020818,"Chicago Blackhawks","Anaheim Ducks",0.574820474426253,0.425179525573747
2023-02-08,2022020819,"New York Rangers","Vancouver Canucks",0.702770724513627,0.297229275486373
2023-02-08,2022020820,"Dallas Stars","Minnesota Wild",0.574857565796511,0.425142434203489
2023-02-09,2022020821,"Tampa Bay Lightning","Colorado Avalanche",0.530503317306789,0.469496682693211
2023-02-09,2022020822,"Philadelphia Flyers","Edmonton Oilers",0.344011135183464,0.655988864816536
2023-02-09,2022020823,"Florida Panthers","San Jose Sharks",0.73263100977478,0.26736899022522
2023-02-09,2022020824,"New Jersey Devils","Seattle Kraken",0.574772255990154,0.425227744009846
2023-02-09,2022020825,"Detroit Red Wings","Calgary Flames",0.360895316385924,0.639104683614076
2023-02-09,2022020826,"New York Islanders","Vancouver Canucks",0.61896559698331,0.38103440301669
2023-02-09,2022020827,"Minnesota Wild","Vegas Golden Knights",0.542579828212103,0.457420171787897
2023-02-10,2022020828,"New York Rangers","Seattle Kraken",0.647221300388008,0.352778699611992
2023-02-10,2022020829,"Columbus Blue Jackets","Toronto Maple Leafs",0.249220659093075,0.750779340906925
2023-02-10,2022020830,"Chicago Blackhawks","Arizona Coyotes",0.51773077712122,0.48226922287878
2023-02-10,2022020831,"Anaheim Ducks","Pittsburgh Penguins",0.261954971465409,0.738045028534591
2023-02-11,2022020832,"Detroit Red Wings","Vancouver Canucks",0.469524711817353,0.530475288182647
2023-02-11,2022020833,"Buffalo Sabres","Calgary Flames",0.476718240290614,0.523281759709386
2023-02-11,2022020834,"Ottawa Senators","Edmonton Oilers",0.401047530050728,0.598952469949272
2023-02-11,2022020835,"Montreal Canadiens","New York Islanders",0.337645152697535,0.662354847302465
2023-02-11,2022020836,"Philadelphia Flyers","Nashville Predators",0.466457691667427,0.533542308332573
2023-02-11,2022020837,"Dallas Stars","Tampa Bay Lightning",0.5072253275186,0.4927746724814
2023-02-11,2022020838,"Boston Bruins","Washington Capitals",0.699358927714284,0.300641072285716
2023-02-11,2022020839,"Florida Panthers","Colorado Avalanche",0.497113569990221,0.502886430009779
2023-02-11,2022020840,"Toronto Maple Leafs","Columbus Blue Jackets",0.81139290735954,0.18860709264046
2023-02-11,2022020841,"Carolina Hurricanes","New York Rangers",0.568245445026667,0.431754554973333
2023-02-11,2022020842,"St. Louis Blues","Arizona Coyotes",0.69778310772056,0.30221689227944
2023-02-11,2022020843,"Minnesota Wild","New Jersey Devils",0.511592691632121,0.488407308367879
2023-02-11,2022020844,"Winnipeg Jets","Chicago Blackhawks",0.764425319163045,0.235574680836955
2023-02-11,2022020845,"Los Angeles Kings","Pittsburgh Penguins",0.433235303733713,0.566764696266287
2023-02-12,2022020846,"Montreal Canadiens","Edmonton Oilers",0.271267538495478,0.728732461504522
2023-02-12,2022020847,"Washington Capitals","San Jose Sharks",0.730761126675066,0.269238873324934
2023-02-12,2022020848,"Philadelphia Flyers","Seattle Kraken",0.431154137044389,0.568845862955611
2023-02-12,2022020849,"Vegas Golden Knights","Anaheim Ducks",0.784689329490126,0.215310670509874
2023-02-13,2022020850,"Ottawa Senators","Calgary Flames",0.41237839398198,0.58762160601802
2023-02-13,2022020851,"Nashville Predators","Arizona Coyotes",0.687356258086251,0.312643741913749
2023-02-13,2022020852,"Minnesota Wild","Florida Panthers",0.50807208158622,0.49192791841378
2023-02-13,2022020853,"Vancouver Canucks","Detroit Red Wings",0.591991536086803,0.408008463913197
2023-02-13,2022020854,"Los Angeles Kings","Buffalo Sabres",0.541835201790658,0.458164798209342
2023-02-14,2022020855,"Washington Capitals","Carolina Hurricanes",0.451074806348133,0.548925193651867
2023-02-14,2022020856,"Montreal Canadiens","Chicago Blackhawks",0.578834838617919,0.421165161382081
2023-02-14,2022020857,"Columbus Blue Jackets","New Jersey Devils",0.309124334147997,0.690875665852003
2023-02-14,2022020858,"New York Islanders","Ottawa Senators",0.611233683698144,0.388766316301856
2023-02-14,2022020859,"St. Louis Blues","Florida Panthers",0.45016803042509,0.54983196957491
2023-02-14,2022020860,"Winnipeg Jets","Seattle Kraken",0.594831499513549,0.405168500486451
2023-02-14,2022020861,"Dallas Stars","Boston Bruins",0.406096196618677,0.593903803381323
2023-02-14,2022020862,"Colorado Avalanche","Tampa Bay Lightning",0.521143561573635,0.478856438426365
2023-02-14,2022020863,"San Jose Sharks","Pittsburgh Penguins",0.357736512629352,0.642263487370648
2023-02-15,2022020864,"Toronto Maple Leafs","Chicago Blackhawks",0.82118090690142,0.17881909309858
2023-02-15,2022020865,"Arizona Coyotes","Tampa Bay Lightning",0.252706950590425,0.747293049409575
2023-02-15,2022020866,"Minnesota Wild","Colorado Avalanche",0.458989949836366,0.541010050163633
2023-02-15,2022020867,"Edmonton Oilers","Detroit Red Wings",0.69967222574214,0.30032777425786
2023-02-15,2022020868,"Anaheim Ducks","Buffalo Sabres",0.324423620605371,0.675576379394629
2023-02-15,2022020869,"Vancouver Canucks","New York Rangers",0.331550554450158,0.668449445549842
2023-02-16,2022020870,"Washington Capitals","Florida Panthers",0.534766511065718,0.465233488934282
2023-02-16,2022020871,"Carolina Hurricanes","Montreal Canadiens",0.794575588187273,0.205424411812727
2023-02-16,2022020872,"Columbus Blue Jackets","Winnipeg Jets",0.304891067489962,0.695108932510038
2023-02-16,2022020873,"Nashville Predators","Boston Bruins",0.298717769497082,0.701282230502918
2023-02-16,2022020874,"St. Louis Blues","New Jersey Devils",0.476538034905781,0.523461965094219
2023-02-16,2022020875,"Calgary Flames","Detroit Red Wings",0.676639547335894,0.323360452664106
2023-02-16,2022020876,"Seattle Kraken","Philadelphia Flyers",0.644447892645299,0.355552107354701
2023-02-16,2022020877,"Vegas Golden Knights","San Jose Sharks",0.720764975739751,0.279235024260249
2023-02-17,2022020878,"Ottawa Senators","Chicago Blackhawks",0.696421960259351,0.303578039740649
2023-02-17,2022020879,"New York Islanders","Pittsburgh Penguins",0.504215577732426,0.495784422267574
2023-02-17,2022020880,"Minnesota Wild","Dallas Stars",0.484216947537694,0.515783052462306
2023-02-17,2022020881,"Edmonton Oilers","New York Rangers",0.465145907434075,0.534854092565925
2023-02-17,2022020882,"Anaheim Ducks","Los Angeles Kings",0.307763888237333,0.692236111762667
2023-02-18,2022020883,"St. Louis Blues","Colorado Avalanche",0.421149566076277,0.578850433923723
2023-02-18,2022020884,"Nashville Predators","Florida Panthers",0.430226698531733,0.569773301468267
2023-02-18,2022020885,"Boston Bruins","New York Islanders",0.731648109910791,0.268351890089209
2023-02-18,2022020886,"Pittsburgh Penguins","New Jersey Devils",0.541060272106731,0.458939727893269
2023-02-18,2022020887,"Dallas Stars","Columbus Blue Jackets",0.7602664763208,0.239733523679199
2023-02-18,2022020888,"Toronto Maple Leafs","Montreal Canadiens",0.788990480769652,0.211009519230348
2023-02-18,2022020889,"Carolina Hurricanes","Washington Capitals",0.643248715227171,0.356751284772829
2023-02-18,2022020890,"Calgary Flames","New York Rangers",0.448984283844573,0.551015716155427
2023-02-18,2022020891,"Vancouver Canucks","Philadelphia Flyers",0.583762632564562,0.416237367435438
2023-02-18,2022020892,"Los Angeles Kings","Arizona Coyotes",0.688389414520903,0.311610585479097
2023-02-18,2022020893,"San Jose Sharks","Buffalo Sabres",0.416357338140113,0.583642661859887
2023-02-18,2022020894,"Seattle Kraken","Detroit Red Wings",0.62034694668918,0.37965305331082
2023-02-18,2022020895,"Vegas Golden Knights","Tampa Bay Lightning",0.468760352494289,0.531239647505711
2023-02-19,2022020896,"Minnesota Wild","Nashville Predators",0.596650675031117,0.403349324968883
2023-02-19,2022020897,"Ottawa Senators","St. Louis Blues",0.488867765190919,0.511132234809081
2023-02-19,2022020898,"Colorado Avalanche","Edmonton Oilers",0.592763427775437,0.407236572224563
2023-02-19,2022020899,"Chicago Blackhawks","Toronto Maple Leafs",0.224523018635086,0.775476981364914
2023-02-19,2022020900,"New Jersey Devils","Winnipeg Jets",0.541717860249241,0.458282139750759
2023-02-19,2022020901,"Arizona Coyotes","Columbus Blue Jackets",0.53701968244966,0.46298031755034
2023-02-20,2022020902,"Florida Panthers","Anaheim Ducks",0.811214779473878,0.188785220526122
2023-02-20,2022020903,"Boston Bruins","Ottawa Senators",0.787979948240822,0.212020051759178
2023-02-20,2022020904,"Calgary Flames","Philadelphia Flyers",0.707800780037788,0.292199219962212
2023-02-20,2022020905,"San Jose Sharks","Seattle Kraken",0.382651235649432,0.617348764350568
2023-02-20,2022020906,"Pittsburgh Penguins","New York Islanders",0.572309360740123,0.427690639259877
2023-02-20,2022020907,"New York Rangers","Winnipeg Jets",0.6275567970091,0.3724432029909
2023-02-21,2022020908,"Tampa Bay Lightning","Anaheim Ducks",0.846162413755983,0.153837586244017
2023-02-21,2022020909,"Washington Capitals","Detroit Red Wings",0.645264454336374,0.354735545663626
2023-02-21,2022020910,"New Jersey Devils","Montreal Canadiens",0.74973261369619,0.25026738630381
2023-02-21,2022020911,"Carolina Hurricanes","St. Louis Blues",0.709199416797043,0.290800583202957
2023-02-21,2022020912,"Buffalo Sabres","Toronto Maple Leafs",0.400524577075882,0.599475422924118
2023-02-21,2022020913,"Minnesota Wild","Los Angeles Kings",0.578983653924628,0.421016346075371
2023-02-21,2022020914,"Nashville Predators","Vancouver Canucks",0.573272544481477,0.426727455518523
2023-02-21,2022020915,"Chicago Blackhawks","Vegas Golden Knights",0.290675883227796,0.709324116772204
2023-02-21,2022020916,"Edmonton Oilers","Philadelphia Flyers",0.716872280613076,0.283127719386924
2023-02-22,2022020917,"New York Islanders","Winnipeg Jets",0.500786308112015,0.499213691887985
2023-02-22,2022020918,"Dallas Stars","Chicago Blackhawks",0.766724059986026,0.233275940013974
2023-02-22,2022020919,"Arizona Coyotes","Calgary Flames",0.33530894777165,0.66469105222835
2023-02-23,2022020920,"Washington Capitals","Anaheim Ducks",0.78676698123723,0.21323301876277
2023-02-23,2022020921,"Tampa Bay Lightning","Buffalo Sabres",0.692858264394154,0.307141735605846
2023-02-23,2022020922,"Pittsburgh Penguins","Edmonton Oilers",0.504495624530981,0.495504375469019
2023-02-23,2022020923,"New Jersey Devils","Los Angeles Kings",0.597698794006857,0.402301205993143
2023-02-23,2022020924,"Columbus Blue Jackets","Minnesota Wild",0.350103800441295,0.649896199558705
2023-02-23,2022020925,"Detroit Red Wings","New York Rangers",0.349231106682138,0.650768893317862
2023-02-23,2022020926,"St. Louis Blues","Vancouver Canucks",0.579759560466663,0.420240439533337
2023-02-23,2022020927,"Seattle Kraken","Boston Bruins",0.303998103535358,0.696001896464642
2023-02-23,2022020928,"Vegas Golden Knights","Calgary Flames",0.543053607394863,0.456946392605137
2023-02-23,2022020929,"San Jose Sharks","Nashville Predators",0.440205009531976,0.559794990468024
2023-02-24,2022020930,"Florida Panthers","Buffalo Sabres",0.607026840147397,0.392973159852603
2023-02-24,2022020931,"Toronto Maple Leafs","Minnesota Wild",0.624511505930244,0.375488494069756
2023-02-24,2022020932,"Philadelphia Flyers","Montreal Canadiens",0.570446848245765,0.429553151754235
2023-02-24,2022020933,"Carolina Hurricanes","Ottawa Senators",0.724023970302975,0.275976029697025
2023-02-24,2022020934,"New York Islanders","Los Angeles Kings",0.566906933259919,0.433093066740081
2023-02-24,2022020935,"Winnipeg Jets","Colorado Avalanche",0.478609033069349,0.521390966930651
2023-02-25,2022020936,"Columbus Blue Jackets","Edmonton Oilers",0.28817108723027,0.71182891276973
2023-02-25,2022020937,"Washington Capitals","New York Rangers",0.436097804108225,0.563902195891775
2023-02-25,2022020938,"Carolina Hurricanes","Anaheim Ducks",0.862991714972339,0.137008285027661
2023-02-25,2022020939,"Vancouver Canucks","Boston Bruins",0.245455772339016,0.754544227660984
2023-02-25,2022020940,"Montreal Canadiens","Ottawa Senators",0.443077881084109,0.556922118915891
2023-02-25,2022020941,"New Jersey Devils","Philadelphia Flyers",0.705409002489995,0.294590997510005
2023-02-25,2022020942,"Detroit Red Wings","Tampa Bay Lightning",0.3550310295742,0.6449689704258
2023-02-25,2022020943,"St. Louis Blues","Pittsburgh Penguins",0.488226229794713,0.511773770205287
2023-02-25,2022020944,"Colorado Avalanche","Calgary Flames",0.612408395281416,0.387591604718584
2023-02-25,2022020945,"Vegas Golden Knights","Dallas Stars",0.535581403016825,0.464418596983175
2023-02-25,2022020946,"San Jose Sharks","Chicago Blackhawks",0.585611495273349,0.414388504726651
2023-02-26,2022020947,"Buffalo Sabres","Washington Capitals",0.501783976893766,0.498216023106234
2023-02-26,2022020948,"Minnesota Wild","Columbus Blue Jackets",0.717044804100642,0.282955195899358
2023-02-26,2022020949,"Winnipeg Jets","New York Islanders",0.567727091773682,0.432272908226318
2023-02-26,2022020950,"New York Rangers","Los Angeles Kings",0.648545739199266,0.351454260800734
2023-02-26,2022020951,"Pittsburgh Penguins","Tampa Bay Lightning",0.423774944307864,0.576225055692136
2023-02-26,2022020952,"Arizona Coyotes","Nashville Predators",0.388944934189506,0.611055065810494
2023-02-26,2022020953,"Seattle Kraken","Toronto Maple Leafs",0.410117360050997,0.589882639949003
2023-02-27,2022020534,"Ottawa Senators","Detroit Red Wings",0.554756748951545,0.445243251048455
2023-02-27,2022020954,"Edmonton Oilers","Boston Bruins",0.357788407010466,0.642211592989534
2023-02-27,2022020955,"Dallas Stars","Vancouver Canucks",0.660251676584843,0.339748323415157
2023-02-27,2022020956,"Colorado Avalanche","Vegas Golden Knights",0.614215651130626,0.385784348869374
2023-02-27,2022020957,"Anaheim Ducks","Chicago Blackhawks",0.481884548466645,0.518115451533355
2023-02-28,2022020958,"Buffalo Sabres","Columbus Blue Jackets",0.693841581023181,0.306158418976819
2023-02-28,2022020959,"Ottawa Senators","Detroit Red Wings",0.576895844366533,0.423104155633467
2023-02-28,2022020960,"Tampa Bay Lightning","Florida Panthers",0.618504632345919,0.381495367654081
2023-02-28,2022020961,"Winnipeg Jets","Los Angeles Kings",0.583273909712671,0.416726090287329
2023-02-28,2022020962,"Minnesota Wild","New York Islanders",0.546180367662794,0.453819632337206
2023-02-28,2022020963,"Nashville Predators","Pittsburgh Penguins",0.496200988914876,0.503799011085124
2023-02-28,2022020964,"St. Louis Blues","Seattle Kraken",0.515894326291942,0.484105673708058
2023-02-28,2022020965,"Calgary Flames","Boston Bruins",0.339486870157346,0.660513129842654
2023-02-28,2022020966,"Arizona Coyotes","Chicago Blackhawks",0.5524482671971,0.4475517328029
2023-02-28,2022020967,"San Jose Sharks","Montreal Canadiens",0.548329356757317,0.451670643242683
2023-03-01,2022020968,"Philadelphia Flyers","New York Rangers",0.289519349035062,0.710480650964938
2023-03-01,2022020969,"Edmonton Oilers","Toronto Maple Leafs",0.469915410464176,0.530084589535824
2023-03-01,2022020970,"Dallas Stars","Arizona Coyotes",0.739882921413014,0.260117078586986
2023-03-01,2022020971,"Colorado Avalanche","New Jersey Devils",0.612248614624442,0.387751385375558
2023-03-01,2022020972,"Vegas Golden Knights","Carolina Hurricanes",0.426619114950077,0.573380885049923
2023-03-01,2022020973,"Anaheim Ducks","Washington Capitals",0.294253148149046,0.705746851850954
2023-03-02,2022020974,"Boston Bruins","Buffalo Sabres",0.773443072016037,0.226556927983963
2023-03-02,2022020975,"Florida Panthers","Nashville Predators",0.602503068142679,0.397496931857321
2023-03-02,2022020976,"New York Rangers","Ottawa Senators",0.664968749515884,0.335031250484116
2023-03-02,2022020977,"Tampa Bay Lightning","Pittsburgh Penguins",0.610647577464314,0.389352422535686
2023-03-02,2022020978,"Detroit Red Wings","Seattle Kraken",0.454061123852225,0.545938876147775
2023-03-02,2022020979,"Chicago Blackhawks","Dallas Stars",0.294517623831846,0.705482376168154
2023-03-02,2022020980,"Calgary Flames","Toronto Maple Leafs",0.45416784414241,0.54583215585759
2023-03-02,2022020981,"Vancouver Canucks","Minnesota Wild",0.440956750385331,0.559043249614669
2023-03-02,2022020982,"Los Angeles Kings","Montreal Canadiens",0.671391890673084,0.328608109326916
2023-03-02,2022020983,"San Jose Sharks","St. Louis Blues",0.418898181600862,0.581101818399138
2023-03-03,2022020984,"Columbus Blue Jackets","Seattle Kraken",0.38181850131083,0.618181498689169
2023-03-03,2022020985,"Edmonton Oilers","Winnipeg Jets",0.58842191287943,0.41157808712057
2023-03-03,2022020986,"Arizona Coyotes","Carolina Hurricanes",0.23435481619769,0.76564518380231
2023-03-03,2022020987,"Anaheim Ducks","Montreal Canadiens",0.448496717645491,0.551503282354509
2023-03-03,2022020988,"Vegas Golden Knights","New Jersey Devils",0.517687528981817,0.482312471018183
2023-03-04,2022020536,"Buffalo Sabres","Tampa Bay Lightning",0.399793672497774,0.600206327502226
2023-03-04,2022020989,"New York Islanders","Detroit Red Wings",0.642646886783554,0.357353113216446
2023-03-04,2022020991,"Boston Bruins","New York Rangers",0.681960121563819,0.318039878436181
2023-03-04,2022020992,"Florida Panthers","Pittsburgh Penguins",0.539956603198687,0.460043396801313
2023-03-04,2022020993,"San Jose Sharks","Washington Capitals",0.365816332182524,0.634183667817476
2023-03-04,2022020994,"Ottawa Senators","Columbus Blue Jackets",0.674237770499543,0.325762229500457
2023-03-04,2022020995,"Winnipeg Jets","Edmonton Oilers",0.469114433076448,0.530885566923551
2023-03-04,2022020996,"Vancouver Canucks","Toronto Maple Leafs",0.341897951400794,0.658102048599206
2023-03-04,2022020997,"Dallas Stars","Colorado Avalanche",0.470129802205946,0.529870197794054
2023-03-04,2022020998,"Chicago Blackhawks","Nashville Predators",0.346804040956776,0.653195959043224
2023-03-04,2022020999,"Calgary Flames","Minnesota Wild",0.540138215251522,0.459861784748478
2023-03-04,2022021000,"Los Angeles Kings","St. Louis Blues",0.555621594068618,0.444378405931382
2023-03-05,2022021001,"Carolina Hurricanes","Tampa Bay Lightning",0.604891074588332,0.395108925411668
2023-03-05,2022021002,"Philadelphia Flyers","Detroit Red Wings",0.483994193287187,0.516005806712813
2023-03-05,2022021003,"Vegas Golden Knights","Montreal Canadiens",0.72639157811336,0.27360842188664
2023-03-05,2022021004,"Arizona Coyotes","New Jersey Devils",0.294152067653325,0.705847932346675
2023-03-05,2022021005,"Colorado Avalanche","Seattle Kraken",0.654613400019559,0.345386599980441
